time/iterations,rollout/success_rate,eval/final_error_cm,time/fps,rollout/ep_len_mean,eval/success_rate,eval/mean_deviation_cm,rollout/ep_rew_mean,time/time_elapsed,eval/progress,time/total_timesteps,train/clip_fraction,train/n_updates,train/value_loss,train/loss,train/policy_gradient_loss,train/std,train/entropy_loss,train/explained_variance,train/approx_kl,train/learning_rate,train/clip_range
1,1.0,0.2837497685114564,364,119.5,1.0,0.5214497403529834,10.576775500000002,11,0.9894766856592971,4096,,,,,,,,,,,
2,1.0,,466,111.57142857142857,,,10.598675785714285,17,,8192,0.0513671875,10,4.805587594211102,2.051999092102051,-0.0039033675522659904,0.13422054052352905,1.1713022641837596,0.009639978408813477,0.006011093,0.0003,0.2
3,1.0,,515,113.47,,,10.596322930000003,23,,12288,0.0699462890625,20,3.940158857405186,1.5858410596847534,-0.004200593651330564,0.13294142484664917,1.1871030159294604,0.35574012994766235,0.006018436,0.0003,0.2
4,1.0,,540,109.68,,,10.610318770000001,30,,16384,0.07412109375,30,2.0826338950544594,0.7412586212158203,-0.004876420904474798,0.1317676305770874,1.2063765570521354,0.5629231929779053,0.0062617045,0.0003,0.2
5,1.0,,543,113.78,,,10.59684757,37,,20480,0.070556640625,40,1.0711944550275803,0.40502649545669556,-0.006655489376862533,0.13118749856948853,1.21926082149148,0.7623459696769714,0.005479306,0.0003,0.2
6,1.0,,546,113.45,,,10.58823824,44,,24576,0.0771240234375,50,0.7653888408094645,0.28685200214385986,-0.006012621110130567,0.130149245262146,1.23360728174448,0.7699158191680908,0.006882604,0.0003,0.2
7,1.0,,547,109.63,,,10.60966872,52,,28672,0.08271484375,60,0.4771255305036902,0.16933007538318634,-0.007701796664332505,0.12974098324775696,1.243687031418085,0.8857104182243347,0.0066946056,0.0003,0.2
8,1.0,,548,107.45,,,10.62093372,59,,32768,0.0843017578125,70,0.366752380784601,0.12881074845790863,-0.009223822547937743,0.12968379259109497,1.245312638580799,0.9053809642791748,0.0076968092,0.0003,0.2
9,1.0,,549,108.78,,,10.61414446,67,,36864,0.07841796875,80,0.32868243670091035,0.11604902893304825,-0.00847118322562892,0.13034582138061523,1.2421327508985995,0.8966459631919861,0.006124164,0.0003,0.2
10,1.0,,550,111.43,,,10.5971854,74,,40960,0.093798828125,90,0.29431924810633064,0.08651935309171677,-0.008337626543652731,0.12997916340827942,1.239330069720745,0.9112144112586975,0.0076409746,0.0003,0.2
11,0.99,,545,117.65,,,10.47054656,82,,45056,0.068408203125,100,0.25596719263121487,0.08629731833934784,-0.005502864021400456,0.12933385372161865,1.2470764376223087,0.9240853786468506,0.0054389443,0.0003,0.2
12,0.99,,542,118.04,,,10.471939990000001,90,,49152,0.0620361328125,110,0.25166916772723197,0.1000821441411972,-0.003641468562273076,0.12951408326625824,1.2530145220458508,0.8496323823928833,0.006753685,0.0003,0.2
13,0.99,,538,118.68,,,10.468461179999998,98,,53248,0.1005615234375,120,0.2287850164808333,0.10087861120700836,-0.008091254376631695,0.12911227345466614,1.2523470655083657,0.9195848703384399,0.008792841,0.0003,0.2
14,1.0,,536,111.78,,,10.59507332,106,,57344,0.0685546875,130,0.18524532802402974,0.09613928198814392,-0.006375781646056566,0.1292617917060852,1.2554913133382797,0.9356058239936829,0.0062235016,0.0003,0.2
15,1.0,,532,109.68,,,10.602033429999999,115,,61440,0.085546875,140,0.22022912865504624,0.07781284302473068,-0.007912047754507512,0.12806585431098938,1.2627680979669094,0.9301215410232544,0.007140873,0.0003,0.2
16,0.99,,529,113.93,,,10.482180849999999,123,,65536,0.0640869140625,150,0.1944347208365798,0.06187616288661957,-0.0031825242811464706,0.12716494500637054,1.2800522051751613,0.8979167938232422,0.005321904,0.0003,0.2
17,0.98,,525,119.8,,,10.356621480000001,132,,69632,0.0693359375,160,0.17938133412972093,0.06729430705308914,-0.005278111794905271,0.128447026014328,1.2764311961829662,0.878300130367279,0.005449181,0.0003,0.2
18,0.98,,524,122.94,,,10.34408331,140,,73728,0.0688232421875,170,0.17912482754327358,0.05337508022785187,-0.0037787025445140897,0.1276448667049408,1.2728648252785206,0.9091829657554626,0.0049041947,0.0003,0.2
19,0.99,,523,117.38,,,10.46424318,148,,77824,0.078515625,180,0.14557297066785396,0.0399346761405468,-0.005636186980700586,0.127655491232872,1.279661850631237,0.9440723657608032,0.006114285,0.0003,0.2
20,1.0,,523,107.01,,,10.599293440000002,156,,81920,0.091943359375,190,0.12889803415164353,0.042130857706069946,-0.007060468853160274,0.12651026248931885,1.2873959258198737,0.9532642364501953,0.0083496,0.0003,0.2
21,1.0,,522,102.87,,,10.620575379999998,164,,86016,0.0734619140625,200,0.14137699399143458,0.0571671761572361,-0.006060213426826522,0.1263289749622345,1.2978637129068376,0.9554287195205688,0.006195966,0.0003,0.2
22,1.0,,522,103.32,,,10.614226850000001,172,,90112,0.088330078125,210,0.16053970013745128,0.07387924194335938,-0.005134472930512857,0.12592697143554688,1.3029349982738494,0.9434167146682739,0.006753576,0.0003,0.2
23,0.98,,522,109.3,,,10.388578460000002,180,,94208,0.084375,220,0.20079759526997804,0.10875348746776581,-0.003910886807716452,0.12555477023124695,1.3097184747457504,0.8297165036201477,0.007137214,0.0003,0.2
24,0.98,,522,114.06,,,10.371437509999998,188,,98304,0.0876220703125,230,0.15138589274138212,0.04969312995672226,-0.005115200061845826,0.12512898445129395,1.3155560411512852,0.9253137707710266,0.008864304,0.0003,0.2
25,0.99,0.3228227491600539,509,109.46,1.0,0.6060732251966212,10.488710370000002,200,0.9906788806203752,102400,0.0837646484375,240,0.12543956586159766,0.03977501764893532,-0.006125929727568291,0.12494552135467529,1.3205950014293193,0.9488032460212708,0.008140251,0.0003,0.2
26,0.99,,509,103.76,,,10.508209209999997,208,,106496,0.072265625,250,0.15651128813624382,0.09213591367006302,-0.006360652134753763,0.12418723851442337,1.3286949284374714,0.9402241706848145,0.0074530337,0.0003,0.2
27,0.99,,509,102.5,,,10.518499020000002,216,,110592,0.0928955078125,260,0.12922842730768025,0.03755369409918785,-0.0041559230478014795,0.12328602373600006,1.3424349144101142,0.9156914353370667,0.0064244103,0.0003,0.2
28,0.99,,509,104.81,,,10.497778469999998,224,,114688,0.0912353515625,270,0.14486437835730612,0.05737518519163132,-0.007666463640634902,0.12289725244045258,1.3519703820347786,0.9401633143424988,0.008529048,0.0003,0.2
29,1.0,,509,98.05,,,10.61797931,233,,118784,0.076611328125,280,0.1510325620416552,0.05508241057395935,-0.006286682123027276,0.12188421934843063,1.3641349427402019,0.9455785155296326,0.0065241246,0.0003,0.2
30,1.0,,509,98.0,,,10.617201329999999,240,,122880,0.10185546875,290,0.10637879832647741,0.046618178486824036,-0.008095748371852096,0.12234136462211609,1.3677691675722599,0.9562206864356995,0.009318648,0.0003,0.2
31,1.0,,509,101.79,,,10.603717319999998,249,,126976,0.0996826171875,300,0.14952712883241476,0.05682266876101494,-0.007507316289411392,0.1220192015171051,1.3657032325863838,0.9406349658966064,0.008958433,0.0003,0.2
32,0.99,,509,103.76,,,10.50844251,257,,131072,0.0875244140625,310,0.11825360334478319,0.03276719152927399,-0.006344909523613751,0.12138833850622177,1.3750550165772437,0.8820934295654297,0.00796812,0.0003,0.2
33,0.98,,509,108.29,,,10.399326389999999,265,,135168,0.0800048828125,320,0.15153805650770663,0.04095383733510971,-0.004665422228572425,0.12034398317337036,1.3895757965743543,0.8727742433547974,0.006305864,0.0003,0.2
34,0.99,,506,99.39,,,10.533620239999998,274,,139264,0.081982421875,330,0.190403262199834,0.08888991177082062,-0.006869167645345442,0.12010812014341354,1.3987559221684933,0.9166284799575806,0.0074247196,0.0003,0.2
35,0.98,,507,110.45,,,10.387091899999998,282,,143360,0.0708984375,340,0.22750618755817414,0.11284345388412476,-0.0030865072825690732,0.11943282186985016,1.4060500226914883,0.8549109101295471,0.006205554,0.0003,0.2
36,0.98,,506,111.58,,,10.38418418,290,,147456,0.0845703125,350,0.10684808301739394,0.03619806468486786,-0.005529698592727073,0.11814135313034058,1.4232971981167792,0.9438808560371399,0.0063756527,0.0003,0.2
37,1.0,,506,101.01,,,10.61314274,299,,151552,0.0708740234375,360,0.15533325048163532,0.04373789578676224,-0.005490041623852448,0.11839841306209564,1.4315074987709522,0.9228228330612183,0.006758501,0.0003,0.2
38,1.0,,505,98.76,,,10.625500100000002,307,,155648,0.101708984375,370,0.18609670582227408,0.07242411375045776,-0.006807866036251653,0.11763054877519608,1.4359328605234623,0.9234038591384888,0.009040734,0.0003,0.2
39,1.0,,505,97.09,,,10.6228601,316,,159744,0.090087890625,380,0.15840952740982175,0.03705022111535072,-0.006925574332126416,0.11682431399822235,1.4503683865070343,0.9334104657173157,0.0078832805,0.0003,0.2
40,0.99,,504,100.1,,,10.51481447,324,,163840,0.079443359375,390,0.1980057753622532,0.07064880430698395,-0.005731994898815174,0.11672742664813995,1.4571545459330082,0.8763214349746704,0.007734947,0.0003,0.2
41,0.99,,504,102.55,,,10.50697935,332,,167936,0.08173828125,400,0.10895105567760766,0.03865543752908707,-0.0051398307245108295,0.11590472608804703,1.4651939779520036,0.9388991594314575,0.007127063,0.0003,0.2
42,1.0,,504,97.72,,,10.613938360000002,340,,172032,0.0968017578125,410,0.19183450192213058,0.07012850046157837,-0.006883543745789211,0.11448127031326294,1.4855460874736308,0.9168707728385925,0.007304568,0.0003,0.2
43,1.0,,504,95.05,,,10.62527061,348,,176128,0.091162109375,420,0.15507735414430499,0.06531614065170288,-0.0047404185374034565,0.11423660069704056,1.4997935973107814,0.931127667427063,0.0067723626,0.0003,0.2
44,1.0,,504,97.16,,,10.60814466,357,,180224,0.094140625,430,0.11990927066653967,0.028643863275647163,-0.007379636366385967,0.11323729157447815,1.5108416505157947,0.9410039782524109,0.0078810025,0.0003,0.2
45,0.99,,504,104.97,,,10.42548761,365,,184320,0.0862548828125,440,0.15828520562499762,0.05957385152578354,-0.0010035753337433561,0.11288473010063171,1.5217203065752982,0.8838009834289551,0.0065518105,0.0003,0.2
46,0.98,,504,110.49,,,10.308587870000002,373,,188416,0.068212890625,450,0.148588552698493,0.051262035965919495,-0.00260940425505396,0.1121864914894104,1.5322642512619495,0.8499314188957214,0.005219362,0.0003,0.2
47,0.98,,505,102.98,,,10.398868340000002,381,,192512,0.09619140625,460,0.2084549637977034,0.13559630513191223,-0.0043876407638890665,0.11211030930280685,1.5393107995390891,0.9087010622024536,0.008970371,0.0003,0.2
48,0.99,,506,96.0,,,10.511580469999998,388,,196608,0.09814453125,470,0.18337420020252465,0.05840989202260971,-0.006849802036595065,0.11125621944665909,1.5475586950778961,0.9197072982788086,0.008938454,0.0003,0.2
49,0.99,0.3648905103899579,498,97.37,1.0,0.560448230943319,10.50022251,402,0.9930465448771733,200704,0.09296875,480,0.17466861214488744,0.04850386455655098,-0.005482879925693851,0.11104020476341248,1.5579481467604637,0.9196720719337463,0.007542855,0.0003,0.2
50,0.99,,498,98.43,,,10.512026630000001,410,,204800,0.0989013671875,490,0.1670051548164338,0.06443028151988983,-0.005540208965248894,0.10983014106750488,1.5688801124691962,0.8996707201004028,0.00868913,0.0003,0.2
51,0.98,,498,107.32,,,10.3761083,418,,208896,0.096826171875,500,0.17016056142747402,0.06319409608840942,-0.0077351474552415315,0.11049482971429825,1.575230023264885,0.8989688158035278,0.009490075,0.0003,0.2
52,0.98,,499,108.98,,,10.362135420000001,426,,212992,0.11123046875,510,0.1946283222641796,0.0640564113855362,-0.00659269063398824,0.10991868376731873,1.5734360076487064,0.9214848279953003,0.010399297,0.0003,0.2
53,0.98,,499,101.83,,,10.39382844,434,,217088,0.08466796875,520,0.12966291313059627,0.05353756248950958,-0.00759935641544871,0.10976928472518921,1.5793181903660298,0.9425219297409058,0.007852349,0.0003,0.2
54,0.98,,499,99.73,,,10.398259679999999,442,,221184,0.106005859375,530,0.12758835293352605,0.052436407655477524,-0.006668954408814898,0.10950594395399094,1.5833182483911514,0.9152684807777405,0.0075156055,0.0003,0.2
55,0.99,,498,96.19,,,10.517789280000002,451,,225280,0.11201171875,540,0.07812780323438347,0.02328507788479328,-0.008441660266544204,0.10894862562417984,1.5914385236799717,0.9630196690559387,0.010107925,0.0003,0.2
56,1.0,,498,93.43,,,10.626997880000001,460,,229376,0.0901611328125,550,0.16169943953864277,0.03760862350463867,-0.006163330782146659,0.10894166678190231,1.5959850922226906,0.9242348670959473,0.0066869585,0.0003,0.2
57,1.0,,498,91.79,,,10.63122746,468,,233472,0.0902099609375,560,0.11255706115625799,0.03648354858160019,-0.0076019787869881835,0.10790905356407166,1.6044506892561912,0.9421892166137695,0.0069695087,0.0003,0.2
58,1.0,,496,95.39,,,10.617644440000001,478,,237568,0.097119140625,570,0.08533545318059624,0.029460053890943527,-0.00505278959608404,0.10836216807365417,1.610870160907507,0.951387882232666,0.008013846,0.0003,0.2
59,1.0,,495,96.17,,,10.59807487,487,,241664,0.1098876953125,580,0.10295472030993551,0.034530505537986755,-0.008415284039801917,0.10748361051082611,1.6159991703927516,0.9501275420188904,0.009324583,0.0003,0.2
60,1.0,,493,91.72,,,10.63304454,497,,245760,0.08935546875,590,0.10853067021816969,0.033131662756204605,-0.006792722857062472,0.10640493035316467,1.6337621480226516,0.9408693909645081,0.0075853644,0.0003,0.2
61,1.0,,492,88.7,,,10.650484119999998,507,,249856,0.102001953125,600,0.1353891421109438,0.05366856977343559,-0.007881213564542123,0.10576993227005005,1.6506745100021363,0.9345160126686096,0.010678001,0.0003,0.2
62,1.0,,491,86.28,,,10.648439840000002,516,,253952,0.1305908203125,610,0.14722864008508624,0.03597551956772804,-0.008039521420141683,0.10604231059551239,1.6534614145755768,0.9196523427963257,0.010244783,0.0003,0.2
63,1.0,,491,89.97,,,10.629938240000001,524,,258048,0.105029296875,620,0.12185665974393486,0.033960700035095215,-0.007185593189205974,0.10547882318496704,1.6556420490145682,0.942932665348053,0.00863044,0.0003,0.2
64,1.0,,491,93.74,,,10.61632503,532,,262144,0.1125244140625,630,0.07621841069776565,0.010652851313352585,-0.008305934474628884,0.10528258234262466,1.6626749843358994,0.9571292996406555,0.009594615,0.0003,0.2
65,1.0,,492,90.42,,,10.626931110000001,540,,266240,0.09892578125,640,0.13528823349624872,0.0645763948559761,-0.005737260263413191,0.10441310703754425,1.6720565274357795,0.9304167628288269,0.008333083,0.0003,0.2
66,1.0,,492,89.2,,,10.630463659999998,548,,270336,0.1022216796875,650,0.13545364742167293,0.06579487770795822,-0.005682802141382126,0.1037563756108284,1.6877536088228227,0.9306240081787109,0.007940863,0.0003,0.2
67,1.0,,492,92.61,,,10.62284376,556,,274432,0.129052734375,660,0.08864506974350661,0.005546156316995621,-0.009563982118561399,0.10327891260385513,1.6990072794258595,0.9538532495498657,0.0116283195,0.0003,0.2
68,1.0,,492,92.9,,,10.617039040000002,565,,278528,0.1114990234375,670,0.10607775805983692,0.03692108392715454,-0.00814648538507754,0.1029733270406723,1.7056213110685348,0.9356594085693359,0.011281846,0.0003,0.2
69,1.0,,491,91.69,,,10.61628815,574,,282624,0.1333984375,680,0.16534989392384886,0.0753399133682251,-0.008819650002988056,0.10303781926631927,1.7071013480424881,0.9228000044822693,0.010705079,0.0003,0.2
70,1.0,,490,92.33,,,10.610611059999998,584,,286720,0.10546875,690,0.09026350509375333,0.02615026757121086,-0.006695317212142981,0.10287638008594513,1.7084055610001088,0.9545837640762329,0.009076953,0.0003,0.2
71,1.0,,491,94.06,,,10.60845367,592,,290816,0.107080078125,700,0.08451712082605808,0.0194279495626688,-0.0049042423401260745,0.10230572521686554,1.7170725785195828,0.9572293162345886,0.010722095,0.0003,0.2
72,1.0,,491,91.6,,,10.61424123,600,,294912,0.1220703125,710,0.1210498359054327,0.05566834285855293,-0.007487519786809571,0.10226589441299438,1.7226318590343,0.9407651424407959,0.0108278,0.0003,0.2
73,0.99,,491,95.63,,,10.511923239999998,607,,299008,0.099853515625,720,0.1247352157253772,0.07511898130178452,-0.0033574093322386034,0.10208682715892792,1.7241550534963608,0.9142603874206543,0.009964028,0.0003,0.2
74,0.99,0.32109289739503616,489,93.99,1.0,0.6637028822273101,10.51963418,619,0.9934662468347188,303104,0.1066650390625,730,0.140368928341195,0.04923879727721214,-0.0024889291918952948,0.10164078325033188,1.7298817820847034,0.9001855850219727,0.008048158,0.0003,0.2
75,1.0,,489,79.44,,,10.668382549999999,627,,307200,0.137060546875,740,0.07174891529139131,0.001729857176542282,-0.00903823515982367,0.1011405736207962,1.7398672886192799,0.9439125657081604,0.011576962,0.0003,0.2
76,1.0,,487,81.55,,,10.661570030000002,638,,311296,0.1220947265625,750,0.15147012765519322,0.045635975897312164,-0.007991895914892666,0.10015369951725006,1.754402645677328,0.9152402877807617,0.011701571,0.0003,0.2
77,1.0,,486,89.31,,,10.62730631,647,,315392,0.1129638671875,760,0.07731349121313542,0.014975272119045258,-0.0077768829360138625,0.09828078746795654,1.7845743119716644,0.9559221267700195,0.00915101,0.0003,0.2
78,1.0,,486,93.77,,,10.614982969999998,656,,319488,0.144775390625,770,0.0981491913087666,0.03891998529434204,-0.009655402894713916,0.09818582981824875,1.803032249212265,0.9464187622070312,0.010977263,0.0003,0.2
79,1.0,,486,95.54,,,10.611353150000003,665,,323584,0.1228515625,780,0.09161350636277348,0.03075310029089451,-0.008338059761445037,0.09777654707431793,1.8065980866551399,0.9483510851860046,0.009254542,0.0003,0.2
80,1.0,,486,90.36,,,10.635147319999998,674,,327680,0.1159912109375,790,0.09296714873053133,0.024149756878614426,-0.008964404651487711,0.0965505987405777,1.8260077714920044,0.9564688801765442,0.012326386,0.0003,0.2
81,1.0,,485,85.52,,,10.64749837,682,,331776,0.1001708984375,800,0.07273561162874102,0.014459887519478798,-0.008290280678193086,0.09660996496677399,1.8365465618669987,0.9628151059150696,0.010651156,0.0003,0.2
82,1.0,,485,86.86,,,10.636003600000002,691,,335872,0.1328125,810,0.08529863602016122,0.025300603359937668,-0.008212041597289499,0.09595662355422974,1.8430026732385159,0.9611586332321167,0.012870479,0.0003,0.2
83,1.0,,485,88.45,,,10.62511541,700,,339968,0.1376953125,820,0.08172971671447157,0.03139922767877579,-0.007911974740272854,0.09570722281932831,1.8529023580253123,0.9558355808258057,0.014069632,0.0003,0.2
84,1.0,,485,90.97,,,10.615240150000002,708,,344064,0.1290771484375,830,0.12255958414170891,0.04125332832336426,-0.006077471598109696,0.09484926611185074,1.8643205121159554,0.9362101554870605,0.010742832,0.0003,0.2
85,0.99,,485,92.81,,,10.474322589999996,716,,348160,0.109814453125,840,0.12853615279309452,0.061392348259687424,-0.004401959569077007,0.09549979865550995,1.8657756358385087,0.8817997574806213,0.008797837,0.0003,0.2
86,0.99,,485,92.9,,,10.473240209999998,724,,352256,0.096142578125,850,0.07604542416520417,0.025378860533237457,-0.0022215986595256255,0.09454736113548279,1.868547546863556,0.9359700679779053,0.0074043954,0.0003,0.2
87,1.0,,486,88.23,,,10.62429589,732,,356352,0.120166015625,860,0.10784367460291833,0.012296808883547783,-0.007304293030756526,0.09375224262475967,1.8890931494534016,0.9486191868782043,0.009576051,0.0003,0.2
88,1.0,,486,90.92,,,10.61246295,740,,360448,0.1483154296875,870,0.07769561046734452,0.02715897373855114,-0.007079688357771374,0.09416884183883667,1.8922245681285859,0.9468770027160645,0.011600341,0.0003,0.2
89,1.0,,486,88.17,,,10.618673009999998,749,,364544,0.133642578125,880,0.12624332746490835,0.04099361598491669,-0.008674995934416074,0.09417194128036499,1.8867906622588635,0.9423125386238098,0.010803963,0.0003,0.2
90,1.0,,486,84.9,,,10.62787939,758,,368640,0.1244873046875,890,0.10194934306200594,0.03566271811723709,-0.009248480779933742,0.09369657933712006,1.8924858830869198,0.9453040957450867,0.010957579,0.0003,0.2
91,0.99,,485,91.27,,,10.475580459999998,767,,372736,0.1199951171875,900,0.10937407724559307,0.0291430726647377,-0.0033724104185239414,0.09336099028587341,1.9020346485078334,0.9184903502464294,0.008877638,0.0003,0.2
92,0.99,,484,89.08,,,10.4914141,777,,376832,0.1348388671875,910,0.07955334959551692,0.04819483682513237,-0.004004590226395521,0.09274978935718536,1.9127978354692459,0.9454803466796875,0.012362123,0.0003,0.2
93,1.0,,483,85.69,,,10.64096904,787,,380928,0.1371337890625,920,0.1153443875722587,0.02322540432214737,-0.0064789870288223025,0.09252150356769562,1.9210732191801072,0.9369941353797913,0.010735375,0.0003,0.2
94,0.98,,482,91.11,,,10.42287253,797,,385024,0.1256591796875,930,0.1269420136231929,0.045815855264663696,-0.008082928686053491,0.09272600710391998,1.9210645221173763,0.8938959836959839,0.011420077,0.0003,0.2
95,0.98,,482,92.88,,,10.414692639999998,806,,389120,0.1044189453125,940,0.10157567407004535,0.04709501564502716,-0.0009864416890195571,0.09191834926605225,1.9285279847681522,0.8605443835258484,0.012774994,0.0003,0.2
96,0.99,,481,90.28,,,10.51830576,815,,393216,0.1209228515625,950,0.11019084996078163,0.049157075583934784,-0.00746891758608399,0.09185250848531723,1.934600692242384,0.9113725423812866,0.011850449,0.0003,0.2
97,1.0,,481,84.49,,,10.63597569,825,,397312,0.1462890625,960,0.12949749645777048,0.07673898339271545,-0.007205378070648294,0.09215185046195984,1.9342992804944514,0.92889803647995,0.013114935,0.0003,0.2
98,1.0,0.2698520289131592,478,86.64,1.0,0.6722380890367937,10.619613,839,0.9903955212040496,401408,0.1480712890625,970,0.07530116338748485,0.0005843397229909897,-0.0074382726801559326,0.09180614352226257,1.934551040828228,0.9457792639732361,0.011945082,0.0003,0.2
99,1.0,,477,88.59,,,10.607316259999997,849,,405504,0.1419921875,980,0.0950830729212612,0.0345035120844841,-0.006457484186103102,0.09123386442661285,1.9441147670149803,0.9309207797050476,0.011264978,0.0003,0.2
100,1.0,,476,87.65,,,10.616061300000002,859,,409600,0.1242919921875,990,0.10863462411798537,0.03356194496154785,-0.0058102776441955935,0.09071974456310272,1.9561784610152244,0.9406687021255493,0.008834668,0.0003,0.2
101,1.0,,476,87.22,,,10.61707928,868,,413696,0.143212890625,1000,0.10752154500223696,0.011699285358190536,-0.0059659950813511385,0.0912630707025528,1.9554895646870136,0.9077067375183105,0.012254872,0.0003,0.2
102,1.0,,475,83.07,,,10.627436379999999,878,,417792,0.124951171875,1010,0.12196775805205107,0.050596464425325394,-0.0048362929606810216,0.09101207554340363,1.9523544989526271,0.9389968514442444,0.010183756,0.0003,0.2
103,0.99,,475,87.89,,,10.51509144,887,,421888,0.1132568359375,1020,0.0942128680413589,0.03627073019742966,-0.00243748850771226,0.09071236848831177,1.9585984662175178,0.9008499383926392,0.008230649,0.0003,0.2
104,0.99,,475,89.5,,,10.5132116,895,,425984,0.13564453125,1030,0.08646494804415852,0.024660419672727585,-0.004127471451647579,0.09088142216205597,1.9589049190282821,0.9432454109191895,0.01058092,0.0003,0.2
105,1.0,,475,85.19,,,10.629482699999997,904,,430080,0.1292724609375,1040,0.07415040323976427,0.010752223432064056,-0.007790879090316593,0.09097805619239807,1.9562205046415329,0.9503267407417297,0.009093987,0.0003,0.2
106,1.0,,475,83.94,,,10.636123170000001,912,,434176,0.12783203125,1050,0.07796293538995087,0.024759575724601746,-0.008628496264282148,0.09042926132678986,1.9625881776213645,0.9576205611228943,0.011975426,0.0003,0.2
107,1.0,,476,80.57,,,10.655385319999999,919,,438272,0.133837890625,1060,0.07144560038577766,0.030248822644352913,-0.007450700685149058,0.08949008584022522,1.9793325275182725,0.9602547883987427,0.014472877,0.0003,0.2
108,1.0,,476,82.41,,,10.64245235,928,,442368,0.1185546875,1070,0.1323388141579926,0.053090453147888184,-0.007524191157426685,0.08959627896547318,1.9880438528954982,0.9269087314605713,0.0130204335,0.0003,0.2
109,1.0,,476,84.09,,,10.626426419999998,936,,446464,0.1362548828125,1080,0.09117772362660617,0.02245466783642769,-0.0077671371545875445,0.08964195847511292,1.9861705295741559,0.9485024809837341,0.011228664,0.0003,0.2
110,1.0,,477,85.84,,,10.623987389999998,944,,450560,0.141845703125,1090,0.08780100878793747,0.027543362230062485,-0.0072292787765036335,0.08890191465616226,1.9948199711740018,0.9453077912330627,0.011241704,0.0003,0.2
111,1.0,,476,88.19,,,10.61719544,953,,454656,0.1378173828125,1100,0.09712583646178245,0.012846402823925018,-0.007479218969820067,0.08881012350320816,2.004039426147938,0.9352342486381531,0.010011941,0.0003,0.2
112,0.99,,476,89.24,,,10.49501266,961,,458752,0.1427490234375,1110,0.10426990357227624,0.03975614160299301,-0.007237183838151395,0.08839274942874908,2.0100245624780655,0.9406495094299316,0.014680727,0.0003,0.2
113,0.99,,477,82.01,,,10.521787179999999,970,,462848,0.1210693359375,1120,0.06632802113890648,0.01949312537908554,-0.004422293046081905,0.08780217915773392,2.0207078725099565,0.9147137403488159,0.011513191,0.0003,0.2
114,1.0,,476,78.36,,,10.65875719,979,,466944,0.1366455078125,1130,0.11740160016342997,0.055283937603235245,-0.006866117296158336,0.0880265086889267,2.023421448469162,0.943253755569458,0.0116014695,0.0003,0.2
115,1.0,,476,83.01,,,10.641111509999998,988,,471040,0.134765625,1140,0.07565362425521016,0.009676305577158928,-0.00808655411528889,0.08725307881832123,2.031815205514431,0.9545447826385498,0.01348435,0.0003,0.2
116,1.0,,476,85.53,,,10.624204329999998,997,,475136,0.1542724609375,1150,0.09422997504007072,0.0025791674852371216,-0.005872862954856828,0.08722157776355743,2.0412794545292856,0.9435970783233643,0.012890507,0.0003,0.2
117,1.0,,476,84.96,,,10.62641115,1006,,479232,0.13544921875,1160,0.0766644368879497,0.01562454178929329,-0.00685791599098593,0.08677808195352554,2.045890337228775,0.9493930339813232,0.014058412,0.0003,0.2
118,1.0,,476,83.06,,,10.645306249999997,1015,,483328,0.1451904296875,1170,0.10503640603274107,0.041860681027173996,-0.006250191949948203,0.08660751581192017,2.0523822128772737,0.9460490345954895,0.010937862,0.0003,0.2
119,1.0,,475,82.99,,,10.64599732,1024,,487424,0.143505859375,1180,0.09836433527525515,0.037105411291122437,-0.007078960607759655,0.08593817055225372,2.062492436170578,0.9441584944725037,0.01562391,0.0003,0.2
120,1.0,,475,85.57,,,10.631658159999999,1033,,491520,0.138720703125,1190,0.08602705856319517,0.01269643846899271,-0.007499754580203443,0.08600293099880219,2.06864932179451,0.9401930570602417,0.014154289,0.0003,0.2
121,1.0,,475,82.17,,,10.648112590000004,1042,,495616,0.1511962890625,1200,0.05898821828886867,0.012649863958358765,-0.007372993955505081,0.08617640286684036,2.066703271865845,0.9615595936775208,0.015536412,0.0003,0.2
122,0.99,,475,87.12,,,10.52359456,1050,,499712,0.12265625,1210,0.09201310409698635,0.04526526853442192,-0.004444287778460421,0.085330069065094,2.0731677189469337,0.9095451831817627,0.010090029,0.0003,0.2
123,0.99,0.303140568927584,473,88.61,1.0,0.9958952303707798,10.51484486,1063,0.9934195796113883,503808,0.1248291015625,1220,0.11659675694536417,0.032667793333530426,-0.004416328135994263,0.0854523777961731,2.082812587916851,0.9221268892288208,0.010059309,0.0003,0.2
124,1.0,,473,78.88,,,10.643164309999998,1072,,507904,0.162841796875,1230,0.08627722314558924,0.031076161190867424,-0.0071559776333742775,0.08514515310525894,2.0853461906313897,0.9557251930236816,0.014881343,0.0003,0.2
125,1.0,,473,80.89,,,10.633608409999999,1081,,512000,0.1347412109375,1240,0.11071509877219796,0.029687494039535522,-0.005098998532048427,0.08544451743364334,2.0852097108960153,0.9273777604103088,0.011505663,0.0003,0.2
126,1.0,,472,85.51,,,10.62214386,1091,,516096,0.1547607421875,1250,0.06415496333502232,0.014487521722912788,-0.008700530719943344,0.08522751927375793,2.0839429557323457,0.9582529067993164,0.0112693235,0.0003,0.2
127,1.0,,472,78.47,,,10.640424469999997,1100,,520192,0.1505615234375,1260,0.06550670999567956,-0.017904415726661682,-0.006983606913127005,0.0855938121676445,2.082886482775211,0.9613631367683411,0.011476789,0.0003,0.2
128,1.0,,472,74.21,,,10.652905210000002,1109,,524288,0.1530517578125,1270,0.059155587176792326,0.008954714983701706,-0.0072489484009565786,0.08521890640258789,2.082593283057213,0.9600464105606079,0.013896474,0.0003,0.2
129,1.0,,472,80.31,,,10.63329125,1118,,528384,0.149755859375,1280,0.06998836486600339,0.041423194110393524,-0.007271508203120902,0.08530904352664948,2.0859187126159666,0.9581283330917358,0.014153767,0.0003,0.2
130,1.0,,471,83.43,,,10.626447310000001,1129,,532480,0.158642578125,1290,0.07779317747335882,0.026438254863023758,-0.010073685641691555,0.08500649034976959,2.0889346435666085,0.9568440914154053,0.013809489,0.0003,0.2
131,1.0,,470,83.55,,,10.634219589999997,1139,,536576,0.15439453125,1300,0.051042973343282935,0.01439359039068222,-0.005188233613444027,0.08447514474391937,2.0971589922904967,0.9680338501930237,0.0120387245,0.0003,0.2
132,1.0,,470,82.84,,,10.6333852,1150,,540672,0.16025390625,1310,0.06824041840154678,0.013985393568873405,-0.007053996942704544,0.08484655618667603,2.1016365006566047,0.9601054191589355,0.015008062,0.0003,0.2
133,1.0,,469,81.02,,,10.638535840000001,1160,,544768,0.1496337890625,1320,0.0736597140552476,-0.0017974749207496643,-0.007371393032371998,0.0835803747177124,2.1120295867323877,0.9594519138336182,0.01298088,0.0003,0.2
134,1.0,,468,80.91,,,10.641049689999997,1171,,548864,0.163232421875,1330,0.06597153823822736,0.016242705285549164,-0.007866373992874287,0.08325105905532837,2.1298326686024667,0.9638245701789856,0.01829892,0.0003,0.2
135,1.0,,467,77.29,,,10.656967620000003,1183,,552960,0.156982421875,1340,0.06630007233470678,0.019084148108959198,-0.008957408597052564,0.08308234065771103,2.1359112218022345,0.9655025005340576,0.0137794865,0.0003,0.2
136,1.0,,466,77.6,,,10.654168910000001,1195,,557056,0.1484130859375,1350,0.09358203087467701,0.03605937585234642,-0.0045491921438951975,0.08371812105178833,2.1300877749919893,0.9400275349617004,0.0110585075,0.0003,0.2
137,0.99,,465,83.73,,,10.525242980000003,1206,,561152,0.14169921875,1360,0.11284885511267931,0.05203331261873245,-0.002535043709212914,0.08332810550928116,2.1280044108629226,0.9026504158973694,0.013681714,0.0003,0.2
138,0.99,,463,84.1,,,10.534955390000002,1218,,565248,0.1387939453125,1370,0.10535463523119688,0.03894433379173279,-0.005036739935167134,0.08268170058727264,2.141105405986309,0.9170681834220886,0.013668079,0.0003,0.2
139,1.0,,463,81.9,,,10.647659910000002,1229,,569344,0.1569580078125,1380,0.09630900835618376,0.029902346432209015,-0.005845446814782917,0.082088902592659,2.154990276694298,0.9498722553253174,0.0145057645,0.0003,0.2
140,1.0,,462,82.26,,,10.630685280000002,1240,,573440,0.1421630859375,1390,0.06713166614063085,0.01548340916633606,-0.008170749082637485,0.08218387514352798,2.161073811352253,0.9538952112197876,0.012134843,0.0003,0.2
141,1.0,,461,80.68,,,10.62904529,1252,,577536,0.1769287109375,1400,0.07393531037960202,0.01212458685040474,-0.009157687253900804,0.08265954256057739,2.153074862062931,0.9554574489593506,0.016197454,0.0003,0.2
142,1.0,,460,77.74,,,10.645029120000002,1263,,581632,0.1790283203125,1410,0.08088144960347562,0.02045588567852974,-0.00891820048855152,0.08250711858272552,2.1507627621293066,0.9462597370147705,0.0152652245,0.0003,0.2
143,0.99,,459,83.42,,,10.51751205,1275,,585728,0.16240234375,1420,0.09395054937340319,0.025337547063827515,-0.00561527100217063,0.08219040930271149,2.1553453356027603,0.8920390009880066,0.01659756,0.0003,0.2
144,0.99,,458,84.61,,,10.51767645,1287,,589824,0.1654296875,1430,0.10519617581740022,0.02901480533182621,-0.010646349019953049,0.08188707381486893,2.164376024901867,0.939653754234314,0.017130997,0.0003,0.2
145,0.99,,456,85.03,,,10.536318,1300,,593920,0.158837890625,1440,0.08992306240834295,0.01026921346783638,-0.0066325457213679325,0.08263345807790756,2.1579083397984506,0.9398230314254761,0.013591417,0.0003,0.2
146,0.99,,455,86.02,,,10.52809361,1314,,598016,0.127685546875,1450,0.08946221771184355,0.02872277982532978,-0.006471932129352353,0.08167903125286102,2.1610480040311812,0.8602577447891235,0.012365747,0.0003,0.2
147,0.99,0.3882714884414657,452,87.0,1.0,0.7112746291602927,10.524906950000002,1330,0.9950358500847769,602112,0.146728515625,1460,0.09983899109065533,0.0502065047621727,-0.005526325150276535,0.08129854500293732,2.1775161519646646,0.9386619329452515,0.01650725,0.0003,0.2
148,0.99,,451,83.06,,,10.536069079999997,1343,,606208,0.1402099609375,1470,0.15018488364294172,0.0671592429280281,-0.00560729398712283,0.08006316423416138,2.1981572285294533,0.9052762985229492,0.013565978,0.0003,0.2
149,0.99,,450,80.38,,,10.545036909999999,1354,,610304,0.14306640625,1480,0.09490150616038591,0.01322588324546814,-0.003992860708967783,0.07991905510425568,2.2131767362356185,0.9213741421699524,0.010722185,0.0003,0.2
150,1.0,,449,78.01,,,10.65008184,1365,,614400,0.1634765625,1490,0.12133246641606092,0.0512368381023407,-0.008054951998929027,0.07953943312168121,2.2210656315088273,0.9279828071594238,0.017655464,0.0003,0.2
151,1.0,,449,78.32,,,10.654369430000001,1376,,618496,0.160400390625,1500,0.07858483870513737,0.03590359538793564,-0.008350254244214738,0.07868952304124832,2.235548008978367,0.9531685709953308,0.01469307,0.0003,0.2
152,0.99,,448,84.43,,,10.524948,1388,,622592,0.14921875,1510,0.12112266540061682,0.06300409883260727,-0.004627044554217719,0.07894358038902283,2.2429803729057314,0.9248124957084656,0.014754783,0.0003,0.2
153,0.98,,447,91.37,,,10.402616499999999,1399,,626688,0.1507080078125,1520,0.10839524704497308,0.03770419582724571,-0.006126426026457921,0.07800229638814926,2.2510674089193343,0.9246020913124084,0.013414187,0.0003,0.2
154,0.99,,447,85.89,,,10.524148599999997,1411,,630784,0.1661376953125,1530,0.0805949681904167,0.032551564276218414,-0.006991504319012165,0.07697606086730957,2.2771022602915765,0.9462849497795105,0.01433235,0.0003,0.2
155,0.99,,446,84.97,,,10.511458289999998,1422,,634880,0.1738037109375,1540,0.13347483687102796,0.020718365907669067,-0.007167624509020243,0.07660248130559921,2.295378977060318,0.9362552165985107,0.014209333,0.0003,0.2
156,0.99,,445,81.33,,,10.526668440000002,1434,,638976,0.17119140625,1550,0.07338240470271558,0.02343033067882061,-0.007069243348087184,0.07627466320991516,2.305902948975563,0.9592065215110779,0.015709694,0.0003,0.2
157,1.0,,444,74.85,,,10.648779170000001,1446,,643072,0.1838623046875,1560,0.08197910024318844,0.0022947490215301514,-0.009443247206218076,0.07657019048929214,2.3047535166144373,0.9413595199584961,0.01567972,0.0003,0.2
158,1.0,,443,76.35,,,10.64446037,1457,,647168,0.164697265625,1570,0.09378218993078917,0.04506751149892807,-0.006983313403907232,0.07630349695682526,2.304126238822937,0.9425959587097168,0.015185584,0.0003,0.2
159,0.99,,443,83.32,,,10.523897859999998,1469,,651264,0.1586181640625,1580,0.06343480260111392,0.006513047963380814,-0.00914743385365,0.07617980986833572,2.3084823593497275,0.9471666216850281,0.014248595,0.0003,0.2
160,0.99,,442,84.98,,,10.51762923,1481,,655360,0.1691162109375,1590,0.09220657697878779,0.036567140370607376,-0.008005204444634728,0.07511349022388458,2.326366913318634,0.9424482583999634,0.012592621,0.0003,0.2
161,1.0,,441,78.32,,,10.640536330000002,1494,,659456,0.1515625,1600,0.052521337661892174,-0.007908588275313377,-0.009697401140874718,0.07516733556985855,2.3378512978553774,0.9540917873382568,0.013854647,0.0003,0.2
162,1.0,,440,78.13,,,10.63965925,1506,,663552,0.1886474609375,1610,0.05457643271656707,-0.01074720174074173,-0.010079720900102984,0.07437966018915176,2.349060130119324,0.9618561267852783,0.020684125,0.0003,0.2
163,1.0,,439,75.97,,,10.64751054,1517,,667648,0.195849609375,1620,0.05301041940692812,-0.0022267140448093414,-0.010471361203235574,0.07384385168552399,2.367835709452629,0.9641218185424805,0.018564321,0.0003,0.2
164,1.0,,439,78.1,,,10.638672080000001,1529,,671744,0.188330078125,1630,0.09439906300976872,0.024402877315878868,-0.009971069682796952,0.07368998229503632,2.3761851102113725,0.945290744304657,0.016000997,0.0003,0.2
165,1.0,,438,81.07,,,10.63071005,1540,,675840,0.176318359375,1640,0.07957803946919739,0.02487873286008835,-0.007070877638761885,0.0732310563325882,2.38454619795084,0.9477519989013672,0.016638068,0.0003,0.2
166,0.99,,437,83.22,,,10.5225293,1552,,679936,0.1605224609375,1650,0.11833680476993322,0.025078104808926582,-0.005936287740041735,0.07270631194114685,2.398365284502506,0.8984742760658264,0.013833197,0.0003,0.2
167,0.99,,437,82.76,,,10.5197516,1563,,684032,0.1469970703125,1660,0.09974097653757781,0.02120458334684372,-0.004752421137527563,0.07223288714885712,2.4121052265167235,0.9264143109321594,0.013529666,0.0003,0.2
168,0.99,,436,85.48,,,10.50319064,1574,,688128,0.169091796875,1670,0.09267729562707246,-0.00024286285042762756,-0.006830192152847303,0.07172302901744843,2.424626372754574,0.9535833597183228,0.015454836,0.0003,0.2
169,0.99,,436,88.58,,,10.48879625,1585,,692224,0.1968505859375,1680,0.07960086392704398,0.009761214256286621,-0.0075592270935885605,0.07120160758495331,2.439718672633171,0.9571081399917603,0.017642867,0.0003,0.2
170,1.0,,436,82.85,,,10.614884370000002,1595,,696320,0.1759765625,1690,0.1373461463721469,0.04680545628070831,-0.0054725084424717355,0.07161811739206314,2.4414327144622803,0.9277724027633667,0.0141099235,0.0003,0.2
171,1.0,0.3423618790463234,434,80.05,1.0,0.662479422874347,10.62847708,1611,0.9962325092291212,700416,0.1902099609375,1700,0.0748487107688561,0.016653040423989296,-0.006308650331629906,0.07152785360813141,2.4366762906312944,0.9529271721839905,0.019642364,0.0003,0.2
172,1.0,,433,77.99,,,10.642797380000001,1623,,704512,0.1892822265625,1710,0.11033806959167122,0.023182611912488937,-0.007798167020519031,0.07128190994262695,2.4413292914628983,0.8999029994010925,0.019872554,0.0003,0.2
173,1.0,,433,79.91,,,10.63284696,1635,,708608,0.1744873046875,1720,0.08877937917131931,0.008917473256587982,-0.00765183778712526,0.07024700939655304,2.459315022826195,0.9441721439361572,0.017213583,0.0003,0.2
174,1.0,,432,77.7,,,10.64394876,1646,,712704,0.174755859375,1730,0.07698019517119974,0.0077626071870327,-0.008459941118780989,0.06946036964654922,2.4853459715843202,0.9464595317840576,0.016788337,0.0003,0.2
175,1.0,,432,78.59,,,10.642698909999996,1656,,716800,0.1884033203125,1740,0.07062152004800737,0.025239475071430206,-0.005891627256642096,0.06976255029439926,2.492080959677696,0.9559786915779114,0.015883572,0.0003,0.2
176,1.0,,432,78.79,,,10.644171819999999,1667,,720896,0.19228515625,1750,0.07101140031591058,0.007215995341539383,-0.007222153624752536,0.0694664865732193,2.491695836186409,0.9505125284194946,0.018087775,0.0003,0.2
177,0.99,,431,82.23,,,10.47361998,1678,,724992,0.201025390625,1760,0.07896573233883827,0.0028878487646579742,0.004846932040527463,0.06993349641561508,2.4899398654699327,0.9141441583633423,0.018215485,0.0003,0.2
178,0.99,,431,82.57,,,10.461461729999998,1690,,729088,0.1666015625,1770,0.07309785054530948,0.011520624160766602,-0.0038675875272019765,0.0696495920419693,2.4864228904247283,0.9405228495597839,0.017569011,0.0003,0.2
179,1.0,,430,80.91,,,10.618417939999999,1702,,733184,0.1874267578125,1780,0.07713255973067135,0.02617088332772255,-0.009955095191253349,0.06908316910266876,2.500815837085247,0.9479533433914185,0.016900802,0.0003,0.2
180,1.0,,430,81.11,,,10.622806710000003,1714,,737280,0.1876708984375,1790,0.07576441220007837,0.005034085363149643,-0.011037281309836545,0.06836802512407303,2.517521506547928,0.9321781396865845,0.014453902,0.0003,0.2
181,1.0,,429,78.88,,,10.639535540000002,1726,,741376,0.1700439453125,1800,0.06369031320791692,0.0016743037849664688,-0.009072916104923934,0.06787034869194031,2.5356364279985426,0.9573726654052734,0.018117035,0.0003,0.2
182,1.0,,428,76.47,,,10.65107922,1738,,745472,0.20185546875,1810,0.06975222658365965,0.01780974492430687,-0.007258174096932635,0.0678919106721878,2.542620600759983,0.9555337429046631,0.017573811,0.0003,0.2
183,1.0,,427,77.92,,,10.64613352,1751,,749568,0.1797119140625,1820,0.061857339553534986,0.002325514331459999,-0.009815560904098675,0.0675368458032608,2.5457712933421135,0.953928530216217,0.015768643,0.0003,0.2
184,1.0,,427,82.66,,,10.625500479999998,1762,,753664,0.1938720703125,1830,0.04249130457174033,0.004579203203320503,-0.011982546219951474,0.06743615865707397,2.5548197463154794,0.9656087160110474,0.016739149,0.0003,0.2
185,1.0,,426,78.98,,,10.631843859999998,1775,,757760,0.1889892578125,1840,0.068841886613518,0.0001369807869195938,-0.006854281557025388,0.06696751713752747,2.562403804063797,0.9560794830322266,0.018434534,0.0003,0.2
186,1.0,,425,81.01,,,10.62923173,1788,,761856,0.17421875,1850,0.045770550868473946,-0.01914871111512184,-0.009315982795669697,0.06699192523956299,2.568354684114456,0.9618563652038574,0.013749849,0.0003,0.2
187,1.0,,425,79.35,,,10.6369517,1801,,765952,0.188330078125,1860,0.06359665989875793,0.011991031467914581,-0.00873470313672442,0.06674138456583023,2.5744201272726057,0.9580763578414917,0.01698064,0.0003,0.2
188,1.0,,424,73.21,,,10.661990440000002,1813,,770048,0.165478515625,1870,0.0610216548666358,0.009039370343089104,-0.006621466396609321,0.06668801605701447,2.578733170032501,0.9555626511573792,0.01409624,0.0003,0.2
189,1.0,,424,75.73,,,10.65144051,1824,,774144,0.2015625,1880,0.06155475387349725,0.010836638510227203,-0.007293635603855364,0.06675922870635986,2.577474345266819,0.9602141380310059,0.022766966,0.0003,0.2
190,1.0,,424,76.85,,,10.637188440000003,1833,,778240,0.172412109375,1890,0.06330084297806024,0.01857556402683258,-0.00750463800795842,0.06675968319177628,2.575500948727131,0.9588853120803833,0.0150081385,0.0003,0.2
191,1.0,,424,77.11,,,10.628476629999998,1843,,782336,0.18125,1900,0.09189314926043153,0.03480660915374756,-0.006040702536120079,0.0666978657245636,2.5778400018811225,0.943493664264679,0.016184522,0.0003,0.2
192,1.0,,424,76.42,,,10.645801960000002,1854,,786432,0.1882568359375,1910,0.04940585690783337,-0.0037435125559568405,-0.007825062016490848,0.06592318415641785,2.5887057706713676,0.9657702445983887,0.016007008,0.0003,0.2
193,1.0,,423,73.84,,,10.66094282,1865,,790528,0.199072265625,1920,0.05752392532303929,0.009804930537939072,-0.006633503914054017,0.06646279245615005,2.5923758313059806,0.9593855738639832,0.01498998,0.0003,0.2
194,0.99,,423,81.4,,,10.516086610000002,1876,,794624,0.1950439453125,1930,0.09573106032330543,0.024031618610024452,-0.009589841050910763,0.06626465916633606,2.587998868525028,0.9182730913162231,0.01813376,0.0003,0.2
195,0.99,,423,80.95,,,10.51168464,1886,,798720,0.154833984375,1940,0.06879833801649511,0.010204877704381943,-0.0006049586372682825,0.06608011573553085,2.594257590174675,0.8917762041091919,0.012089461,0.0003,0.2
196,1.0,0.3649761759270413,421,76.86,1.0,0.6202768865553422,10.6385196,1904,0.9917846291412256,802816,0.1865234375,1950,0.05987585431430489,0.02078884281218052,-0.008922840193554294,0.06607187539339066,2.59535793364048,0.9591900110244751,0.014835564,0.0003,0.2
197,0.99,,421,85.03,,,10.508867539999999,1915,,806912,0.17021484375,1960,0.05794544677482918,-7.003545761108398e-05,-0.004510431320522912,0.06551225483417511,2.6057243660092353,0.9256953597068787,0.01563865,0.0003,0.2
198,0.99,,421,85.37,,,10.50107457,1925,,811008,0.1947021484375,1970,0.07873172000981868,0.01058390736579895,-0.007675938098691404,0.06519541144371033,2.6203209891915322,0.9405293464660645,0.017051313,0.0003,0.2
199,1.0,,421,77.37,,,10.640377660000002,1935,,815104,0.2116943359375,1980,0.10405860689934343,0.04715102165937424,-0.009242064497084358,0.06465296447277069,2.631044441461563,0.9408142566680908,0.01936182,0.0003,0.2
200,1.0,,421,75.85,,,10.64027933,1945,,819200,0.20341796875,1990,0.08361855079419911,0.012104210443794727,-0.009898488659382565,0.06466349959373474,2.6407766550779344,0.9408896565437317,0.02166861,0.0003,0.2
201,1.0,,421,74.04,,,10.644264459999999,1954,,823296,0.2033447265625,2000,0.07884086694102735,0.03454526513814926,-0.005606650746631203,0.06459161639213562,2.640914498269558,0.9379977583885193,0.018641274,0.0003,0.2
202,1.0,,421,73.55,,,10.64909926,1964,,827392,0.193359375,2010,0.06381635444704443,-0.018735602498054504,-0.010092235577758402,0.06500636041164398,2.6366888269782067,0.9572745561599731,0.019280247,0.0003,0.2
203,1.0,,421,73.61,,,10.64351778,1974,,831488,0.1822021484375,2020,0.07170845076907426,0.03136873245239258,-0.006821150082396343,0.06439249217510223,2.6404808849096297,0.9504711627960205,0.016396988,0.0003,0.2
204,1.0,,421,76.88,,,10.632510559999998,1983,,835584,0.194921875,2030,0.07839973231311888,-0.007827086374163628,-0.007293490033771377,0.06436105072498322,2.649017168581486,0.94757080078125,0.016410891,0.0003,0.2
205,1.0,,421,77.46,,,10.648344589999999,1993,,839680,0.1940673828125,2040,0.069395938096568,0.017329230904579163,-0.008734166099748109,0.06453244388103485,2.6456499084830285,0.9536439180374146,0.020668939,0.0003,0.2
206,1.0,,421,75.16,,,10.655364640000002,2002,,843776,0.2016357421875,2050,0.05329851473215967,0.012283168733119965,-0.008841337667763582,0.06458641588687897,2.6434569001197814,0.9554006457328796,0.01860619,0.0003,0.2
207,1.0,,421,74.11,,,10.65128383,2012,,847872,0.1701171875,2060,0.06648753436747938,0.018155254423618317,-0.008347937442886177,0.06427948921918869,2.646737141907215,0.9510899782180786,0.015738837,0.0003,0.2
208,1.0,,421,76.79,,,10.646472710000001,2021,,851968,0.2155517578125,2070,0.06757494523189962,0.019658155739307404,-0.005673769221175462,0.06383650004863739,2.659375837445259,0.9614222049713135,0.023974309,0.0003,0.2
209,0.99,,421,82.75,,,10.520085279999998,2030,,856064,0.1732177734375,2080,0.07882345404941589,0.025361593812704086,-0.0012651647703023627,0.06317795068025589,2.6762641459703445,0.8804392218589783,0.021769317,0.0003,0.2
210,0.99,,421,80.54,,,10.523123029999999,2039,,860160,0.1635498046875,2090,0.07448855061084032,0.007056806236505508,-0.0022192985241417775,0.06348831206560135,2.6787173852324484,0.9167745113372803,0.012663051,0.0003,0.2
211,0.98,,421,85.33,,,10.415253569999999,2049,,864256,0.1731201171875,2100,0.11518298785667866,0.0716332495212555,-0.0043828990164911374,0.06344980746507645,2.6747460797429086,0.8338910341262817,0.014892893,0.0003,0.2
212,0.98,,421,86.55,,,10.41449569,2058,,868352,0.1552001953125,2110,0.08160820347256958,0.04564666002988815,-0.003852497292245971,0.06369922310113907,2.6735729068517684,0.916542112827301,0.015543976,0.0003,0.2
213,1.0,,421,78.02,,,10.63691306,2067,,872448,0.207568359375,2120,0.10372349764220416,0.03100559301674366,-0.006943169794976711,0.06367770582437515,2.668767711520195,0.9294579029083252,0.018770974,0.0003,0.2
214,1.0,,421,77.7,,,10.636230720000004,2077,,876544,0.2004638671875,2130,0.07678909902460873,0.022484133020043373,-0.006367342849262059,0.06378979980945587,2.6692221611738205,0.9491536021232605,0.01857981,0.0003,0.2
215,1.0,,421,79.69,,,10.62471087,2087,,880640,0.198779296875,2140,0.09499731971882283,0.025983236730098724,-0.006307799683418125,0.06416924297809601,2.6616232216358187,0.9407640695571899,0.019581877,0.0003,0.2
216,1.0,,421,80.0,,,10.624886129999998,2096,,884736,0.193505859375,2150,0.06024549095891416,0.020295921713113785,-0.009112829908553976,0.06349997222423553,2.667427146434784,0.9544826745986938,0.018005911,0.0003,0.2
217,1.0,,421,78.71,,,10.631513490000001,2106,,888832,0.20439453125,2160,0.05839108868967742,0.015418032184243202,-0.011152324925933498,0.06341201066970825,2.677623820304871,0.9579686522483826,0.019562071,0.0003,0.2
218,1.0,,421,77.87,,,10.63891456,2116,,892928,0.2032958984375,2170,0.06604025159031153,0.011152258142828941,-0.008742193478974513,0.063359335064888,2.6784808337688446,0.9582481384277344,0.021588055,0.0003,0.2
219,0.99,,421,84.52,,,10.51500648,2126,,897024,0.15888671875,2180,0.07088365259114653,0.025751199573278427,-0.0029252446547616273,0.06374820321798325,2.6729607954621315,0.8853053450584412,0.015068039,0.0003,0.2
220,0.99,0.2661300133612512,420,85.93,1.0,0.6473429789214982,10.507053529999999,2143,0.9933277176666917,901120,0.184423828125,2190,0.046199245832394806,-0.0020709000527858734,-0.006177683400164824,0.0634162500500679,2.673185993731022,0.9587012529373169,0.01656152,0.0003,0.2
221,1.0,,420,75.15,,,10.64518695,2153,,905216,0.204443359375,2200,0.07358417275827378,0.010867338627576828,-0.00881609297648538,0.06318143010139465,2.68257846981287,0.946601390838623,0.020862311,0.0003,0.2
222,1.0,,420,75.45,,,10.64077161,2164,,909312,0.2003173828125,2210,0.03854097558651119,-0.0024662967771291733,-0.009754448299645446,0.062982939183712,2.689469914138317,0.9719648957252502,0.018447725,0.0003,0.2
223,0.99,,420,82.64,,,10.51229042,2174,,913408,0.1790771484375,2220,0.05267153318272903,-0.00495489127933979,-0.002308772294782102,0.06239413097500801,2.7013686686754226,0.8828245997428894,0.015416909,0.0003,0.2
224,0.99,,420,82.91,,,10.50906612,2184,,917504,0.2021484375,2230,0.05639347590040415,0.009201433509588242,-0.008625357937125955,0.06208042800426483,2.7163742229342462,0.9460728764533997,0.019842917,0.0003,0.2
225,0.99,,420,81.08,,,10.523193130000003,2193,,921600,0.1857666015625,2240,0.061161674279719594,0.009727473370730877,-0.0070413236040622,0.061717689037323,2.7272010698914526,0.9193684458732605,0.019243915,0.0003,0.2
226,0.99,,420,81.57,,,10.522658309999999,2204,,925696,0.203125,2250,0.09570452296175062,0.032054364681243896,-0.00436735379480524,0.06177828460931778,2.732235425710678,0.9260091781616211,0.020368548,0.0003,0.2
227,0.99,,419,83.92,,,10.501474510000001,2214,,929792,0.2085693359375,2260,0.06683088331483304,0.01496492326259613,-0.009224945711321198,0.06169252097606659,2.7319622963666914,0.9487625360488892,0.021708764,0.0003,0.2
228,0.99,,419,81.97,,,10.50758821,2225,,933888,0.1876953125,2270,0.07235578780528158,0.025350382551550865,-0.0036593714350601656,0.061783745884895325,2.731282651424408,0.9403113722801208,0.016121784,0.0003,0.2
229,1.0,,419,75.56,,,10.644792119999998,2235,,937984,0.1947265625,2280,0.04926178994355723,0.01616707071661949,-0.008231802936643362,0.06144745647907257,2.737064388394356,0.9597336649894714,0.022751896,0.0003,0.2
230,1.0,,419,78.89,,,10.63676649,2244,,942080,0.2314453125,2290,0.07811405009124428,0.0308324433863163,-0.007787662660120986,0.061570264399051666,2.739240038394928,0.9347236752510071,0.021771241,0.0003,0.2
231,1.0,,419,78.2,,,10.64232621,2254,,946176,0.2129150390625,2300,0.06999307675287128,0.0031901244074106216,-0.0059393466261099094,0.061314657330513,2.74061675965786,0.9529867172241211,0.019270036,0.0003,0.2
232,1.0,,419,77.22,,,10.645391300000002,2263,,950272,0.215234375,2310,0.0735862045083195,0.019371019676327705,-0.004626796142838429,0.06098855286836624,2.7520020946860315,0.9293360114097595,0.018747138,0.0003,0.2
233,0.99,,419,82.42,,,10.525368259999999,2273,,954368,0.1919189453125,2320,0.08407975467853249,0.007771043106913567,-0.009233768093690743,0.06031297892332077,2.7674421235919,0.9271253347396851,0.01813785,0.0003,0.2
234,0.99,,419,84.34,,,10.52410703,2283,,958464,0.184130859375,2330,0.0627215754473582,0.020243853330612183,-0.001808835491829086,0.05997709929943085,2.783924660086632,0.9205800294876099,0.015398117,0.0003,0.2
235,0.98,,419,89.43,,,10.325938220000001,2292,,962560,0.2412109375,2340,0.07821611762046814,0.004114970564842224,-0.010364379300153815,0.05991590768098831,2.790258927643299,0.9351441264152527,0.018929018,0.0003,0.2
236,0.97,,419,91.55,,,10.21289642,2301,,966656,0.169384765625,2350,0.08773813734296709,0.03994802385568619,0.0009700974827865138,0.05970091372728348,2.792508116364479,0.8139177560806274,0.02630018,0.0003,0.2
237,0.99,,420,77.11,,,10.54202538,2310,,970752,0.1841064453125,2360,0.09402954210527241,0.014853376895189285,-0.005095148019609042,0.05924411863088608,2.8069380924105642,0.9134736061096191,0.015304575,0.0003,0.2
238,0.99,,420,77.99,,,10.54074633,2319,,974848,0.178759765625,2370,0.04714238223386928,0.008268683217465878,-0.002074770941908355,0.05882788449525833,2.8215262293815613,0.9258710741996765,0.01595099,0.0003,0.2
239,1.0,,420,76.99,,,10.642154040000001,2328,,978944,0.2155517578125,2380,0.06124930456280708,0.008051751181483269,-0.00846570928551955,0.05878142639994621,2.829960082471371,0.9614229202270508,0.019001521,0.0003,0.2
240,1.0,,420,75.64,,,10.639136769999999,2337,,983040,0.2306396484375,2390,0.08240946524310858,0.02713618613779545,-0.00930930767353857,0.0588248111307621,2.829092076420784,0.927501380443573,0.022350281,0.0003,0.2
241,0.99,,420,81.75,,,10.515657950000001,2347,,987136,0.1760009765625,2400,0.1305624353699386,0.051964860409498215,-0.003939746685500722,0.058410827070474625,2.8355142548680305,0.9130042195320129,0.016533162,0.0003,0.2
242,0.97,,420,90.8,,,10.288103679999999,2356,,991232,0.1801513671875,2410,0.0825387226883322,0.013164713978767395,0.0008936031517805532,0.0581011101603508,2.848333348333836,0.8778579831123352,0.017787002,0.0003,0.2
243,0.99,,420,76.92,,,10.542033120000003,2365,,995328,0.1847900390625,2420,0.06852240702137351,0.013537682592868805,-0.0014805861690547317,0.05844080448150635,2.8488888293504715,0.9086366295814514,0.017780539,0.0003,0.2
244,1.0,,420,71.22,,,10.66601919,2374,,999424,0.207763671875,2430,0.0832294549793005,0.030627034604549408,-0.006798555263958406,0.058073922991752625,2.8489379569888116,0.9357150793075562,0.01790696,0.0003,0.2
245,0.99,0.22953938124810785,420,77.5,1.0,0.7203546639766658,10.5349243,2388,0.9934148222010512,1003520,0.187939453125,2440,0.09482411013450473,0.028495725244283676,-0.004692424448148813,0.058425422757864,2.848916494846344,0.919054388999939,0.018349852,0.0003,0.2
246,0.98,,420,86.16,,,10.3939413,2396,,1007616,0.1765380859375,2450,0.04995154709322378,0.033175449818372726,-0.004023410863010213,0.05822356790304184,2.84665946662426,0.902982234954834,0.019058742,0.0003,0.2
247,0.99,,420,84.46,,,10.504517920000001,2404,,1011712,0.230859375,2460,0.06822928767651319,-0.003431178629398346,-0.007265325549815316,0.05836835876107216,2.8472480326890945,0.9494947791099548,0.021635287,0.0003,0.2
248,1.0,,420,78.16,,,10.63093632,2412,,1015808,0.2326171875,2470,0.06271004742011428,-0.009363749995827675,-0.006719146193063352,0.05807311087846756,2.8496560961008073,0.928805410861969,0.023182033,0.0003,0.2
249,0.99,,421,85.42,,,10.49783187,2421,,1019904,0.19267578125,2480,0.09326054423581809,0.014380088075995445,-0.006316208031785208,0.05788110941648483,2.8580073013901712,0.947846531867981,0.018185206,0.0003,0.2
250,0.98,,421,88.72,,,10.37540851,2429,,1024000,0.208837890625,2490,0.07651219102554023,0.010337518528103828,-0.003660917330853408,0.05779309570789337,2.8645345896482466,0.9528807401657104,0.02582813,0.0003,0.2
251,0.99,,421,84.08,,,10.50808304,2437,,1028096,0.2257080078125,2500,0.07810214501805604,0.034058183431625366,-0.00597826538287336,0.057259514927864075,2.874461534619331,0.9745513200759888,0.02322207,0.0003,0.2
252,0.97,,422,96.68,,,10.244708229999999,2444,,1032192,0.2010986328125,2510,0.06490223475266248,0.02014237642288208,-0.003922743223665748,0.0566016286611557,2.8953584998846056,0.9232767820358276,0.016501132,0.0003,0.2
253,0.98,,422,92.74,,,10.361737240000002,2452,,1036288,0.2135498046875,2520,0.11740548769012094,0.045251935720443726,-0.0067331787548027934,0.056375257670879364,2.911175459623337,0.9413998126983643,0.022214051,0.0003,0.2
254,0.99,,422,80.85,,,10.525419370000002,2460,,1040384,0.1951904296875,2530,0.10466111896093935,0.023549439385533333,-0.004387059916916769,0.05642646923661232,2.911945965886116,0.9483022093772888,0.017676268,0.0003,0.2
255,0.98,,423,84.33,,,10.41208079,2468,,1044480,0.2139404296875,2540,0.076296381582506,0.041099123656749725,-0.005889333967206767,0.05602496489882469,2.9208093851804735,0.95089191198349,0.021078292,0.0003,0.2
256,0.98,,423,84.28,,,10.415848780000003,2476,,1048576,0.19775390625,2550,0.11124175689183176,0.04116647690534592,-0.004162971212645061,0.056005947291851044,2.9250943422317506,0.944998562335968,0.019896945,0.0003,0.2
257,0.99,,423,76.47,,,10.553198609999999,2484,,1052672,0.2162353515625,2560,0.07536618444137275,0.0285701472312212,-0.007901738624786958,0.055497463792562485,2.9376541286706925,0.9437072277069092,0.02500588,0.0003,0.2
258,1.0,,424,72.22,,,10.662689939999998,2492,,1056768,0.2250732421875,2570,0.11214392762631178,0.03687123954296112,-0.008094809172325768,0.05550514906644821,2.9452440440654755,0.8974238038063049,0.02277809,0.0003,0.2
259,0.99,,424,80.3,,,10.527243640000002,2500,,1060864,0.2134765625,2580,0.11226587973069399,0.012420089915394783,-0.008662413837737405,0.055490441620349884,2.94481717646122,0.9169339537620544,0.0205797,0.0003,0.2
260,0.99,,424,76.63,,,10.545008930000002,2508,,1064960,0.2227294921875,2590,0.14970659189857544,0.04982610046863556,-0.006798060405708383,0.05528755113482475,2.9498888358473776,0.9048947095870972,0.020934757,0.0003,0.2
261,1.0,,424,69.92,,,10.666611439999999,2515,,1069056,0.227734375,2600,0.0653163887327537,0.012108325958251953,-0.00875173501262907,0.055584393441677094,2.948405885696411,0.9486057758331299,0.024151463,0.0003,0.2
262,0.99,,425,77.06,,,10.545255229999999,2523,,1073152,0.1827392578125,2610,0.0753662712406367,0.006107190623879433,-0.004711334999592509,0.054721634835004807,2.958079922199249,0.9267968535423279,0.014380189,0.0003,0.2
263,1.0,,425,67.51,,,10.674863209999996,2531,,1077248,0.2287841796875,2620,0.054009261238388714,0.0131611879914999,-0.005005761224310845,0.054902829229831696,2.971046470105648,0.9539835453033447,0.021026883,0.0003,0.2
264,1.0,,425,67.48,,,10.673916430000002,2539,,1081344,0.2315673828125,2630,0.07673779265023768,0.012757103890180588,-0.0060924353434529625,0.054452866315841675,2.9746973320841787,0.9186912775039673,0.024846125,0.0003,0.2
265,1.0,,426,73.05,,,10.654224539999998,2547,,1085440,0.208984375,2640,0.08877211520448328,0.03935643658041954,-0.008656725568289402,0.05478885769844055,2.976349177956581,0.9228667616844177,0.024429692,0.0003,0.2
266,1.0,,426,71.08,,,10.661842210000001,2555,,1089536,0.20419921875,2650,0.07802869661245496,0.020009690895676613,-0.009734041245246771,0.05464008077979088,2.9741702646017076,0.9339456558227539,0.022028726,0.0003,0.2
267,1.0,,426,74.03,,,10.6439497,2563,,1093632,0.222119140625,2660,0.07780179565306752,0.02132132649421692,-0.010471996931300964,0.054207585752010345,2.9861421540379522,0.940349817276001,0.024297073,0.0003,0.2
268,0.99,,426,79.21,,,10.53037404,2571,,1097728,0.21806640625,2670,0.05745036641601473,0.0016463138163089752,-0.008357369239092804,0.05414554849267006,2.9930215761065484,0.9491661787033081,0.020598859,0.0003,0.2
