id,category,notes
ep_000,straight,
ep_001,discard
ep_002,straight,
ep_003,straight,
ep_004,straight,
ep_005,straight,
ep_006,discard,
ep_007,straight,
ep_008,straight,
ep_009,straight,
ep_010,straight,
ep_011,discard,
ep_012,curve,
ep_013,curve,
ep_014,curve,
ep_015,curve,
ep_016,curve,
ep_017,discard,
ep_018,discard,
ep_019,discard,
ep_020,discard,
ep_021,curve,
ep_022,discard,
ep_023,discard,
ep_024,discard,
ep_025,turn,
ep_026,turn,
ep_027,turn,
ep_028,discard,
ep_029,discard,
ep_030,turn,board occluded ~3-4 s
ep_031,turn,
ep_032,discard,
ep_033,turn,
ep_034,turn,board occluded ~3-4 s
ep_035,discard,
ep_036,multi,
ep_037,discard,
ep_038,discard,
ep_039,discard,
ep_040,multi,
ep_041,multi,
ep_042,discard,
ep_043,discard,
ep_044,discard,
ep_045,discard,
ep_046,multi,
ep_047,discard,
ep_048,discard,
ep_049,showcase,board occluded ~3-4 s
ep_050,showcase,board occluded ~3-4 s
ep_051,discard,
ep_052,discard,
ep_053,discard,
ep_054,discard,
ep_055,showcase,
ep_056,discard,
ep_057,curve,
ep_058,straight,
ep_059,curve,
ep_060,discard,
ep_061,curve,
ep_062,curve,
ep_063,discard,
ep_064,curve,
ep_065,turn,
ep_066,multi,
ep_067,discard,
ep_068,discard,
ep_069,discard,
ep_070,discard,
ep_071,showcase,
