episode,split,category,window_s,frames,raw_cov,raw_longest_gap_s,filled_cov,remaining_longest_gap_s,usable
ep_000,train,straight,5.95,179,0.709,1.108,0.816,1.108,False
ep_002,train,straight,6.05,181,0.84,0.695,0.89,0.695,False
ep_003,train,straight,5.7,171,0.731,1.088,0.749,1.088,False
ep_004,train,straight,8.7,261,0.858,0.575,0.897,0.575,False
ep_005,test,straight,6.0,180,0.817,0.578,0.906,0.578,False
ep_007,train,straight,6.65,200,0.655,2.314,0.655,2.314,False
ep_008,train,straight,6.45,194,0.732,1.738,0.732,1.738,False
ep_009,test,straight,4.45,134,0.858,0.244,0.948,0.244,True
ep_010,train,straight,4.5,135,1.0,0.0,1.0,0.0,True
ep_012,train,curve,7.8,234,0.675,1.632,0.709,1.632,False
ep_013,train,curve,7.45,224,0.67,2.486,0.67,2.672,False
ep_014,train,curve,6.45,194,0.619,1.008,0.639,1.008,False
ep_015,train,curve,9.35,281,0.708,1.55,0.719,1.55,False
ep_016,test,curve,9.55,287,0.544,2.496,0.603,2.496,False
ep_021,train,curve,10.95,328,0.771,1.135,0.899,1.135,False
ep_025,train,turn,12.55,376,0.199,4.208,0.247,4.208,False
ep_026,train,turn,15.45,463,0.339,4.001,0.354,4.001,False
ep_027,test,turn,15.35,461,0.679,2.4,0.698,2.4,False
ep_030,train,turn,15.55,467,0.702,2.16,0.749,2.16,False
ep_031,test,turn,12.25,367,0.662,1.345,0.763,1.345,False
ep_033,train,turn,11.25,338,0.541,3.306,0.541,3.306,False
ep_034,train,turn,13.55,407,0.423,2.592,0.484,2.592,False
ep_036,test,multi,5.7,172,0.895,0.368,1.0,0.0,True
ep_040,train,multi,6.4,192,0.995,0.065,1.0,0.0,True
ep_041,train,multi,5.95,178,0.663,1.96,0.674,1.96,False
ep_046,train,multi,8.7,261,0.793,0.688,0.851,0.688,False
ep_049,showcase,showcase,16.75,503,0.6,3.631,0.63,3.631,False
ep_050,showcase,showcase,24.1,723,0.546,3.392,0.577,3.392,False
ep_055,showcase,showcase,21.75,653,0.617,3.84,0.626,3.84,False
ep_057,test,curve,8.45,254,1.0,0.0,1.0,0.0,True
ep_058,train,straight,3.65,109,0.459,0.826,0.633,0.826,False
ep_059,train,curve,8.65,259,0.931,0.574,0.934,0.574,False
ep_061,train,curve,11.1,333,0.997,0.04,1.0,0.0,True
ep_062,train,curve,11.2,336,0.952,0.496,1.0,0.0,True
ep_064,train,curve,10.4,312,0.516,3.792,0.526,3.792,False
ep_065,train,turn,12.6,378,0.791,2.097,0.791,2.097,False
ep_066,train,multi,3.25,98,1.0,0.0,1.0,0.0,True
ep_071,showcase,showcase,18.45,554,0.426,4.288,0.462,4.288,False
