q_shoulder_pan_rad,q_shoulder_lift_rad,q_elbow_flex_rad,q_wrist_flex_rad,q_wrist_roll_rad,pos_err_mm
0.525895,-0.803596,-1.551509,-1.603252,1.798313,0.001688
1.584866,0.372229,0.775698,0.144666,2.478586,0.001559
1.212789,-1.735771,1.208026,-1.546686,1.331319,0.000773
-1.245392,1.267734,0.140139,-0.664179,-0.383117,0.002983
-1.811120,-1.311499,0.576711,0.488098,0.693113,0.002073
-0.446646,1.735591,1.625223,0.615279,0.889004,0.001068
0.723583,-0.387738,-1.233374,0.734482,0.190285,0.000508
-0.728618,-0.049444,1.316469,1.439340,-0.745542,0.000794
0.274655,-0.621793,0.318734,-0.537506,-0.556634,0.001263
1.498544,-0.952400,0.416373,-1.379455,1.906518,0.000672
1.102377,-0.909773,1.272517,-1.463841,-0.866616,0.001200
-1.342829,-0.173348,1.001576,-0.893223,-2.453308,0.002763
-0.366494,-1.052388,-1.383255,0.266392,-1.075614,0.002808
0.660412,-1.048889,1.494342,-0.447311,-2.154653,0.001568
0.495739,1.491051,-0.201525,1.507477,0.048098,0.000917
-0.287101,0.419624,1.673426,1.488751,-0.174470,0.001247
0.989607,-0.008996,0.099075,0.947700,-0.427972,0.001934
0.900351,0.737028,1.460362,-1.276930,1.327743,0.001488
1.641188,1.633371,-1.640293,1.205874,2.736183,0.002448
1.755559,-1.226045,1.597485,1.293073,1.849157,0.000861
-0.076841,-0.934195,1.020356,1.404477,-1.257496,0.001050
0.149497,-0.199830,1.456839,-1.523722,1.344449,0.001800
0.439161,-1.646316,0.740963,-1.605030,1.489352,0.001617
0.048990,1.497857,-1.466641,1.131849,-2.371382,0.002940
-0.597806,-0.243303,1.575290,0.206368,-1.298076,0.001091
-0.991893,1.354789,-0.926561,-1.245022,-1.133505,0.003278
0.330688,0.188812,1.046822,0.200546,-1.133000,0.001520
-0.334454,1.110452,0.427592,1.522357,-0.680704,0.000578
0.202013,0.327857,1.177224,-1.175652,-0.473465,0.002177
1.574128,-1.594998,1.090747,-0.280597,1.890655,0.001174
-1.881637,-0.471078,-1.424230,0.506088,-1.214386,0.002571
0.778127,1.549160,-1.261358,1.209649,-2.411739,0.002466
-0.457808,-0.245135,-0.037689,1.580006,1.588432,0.001480
-0.733934,-0.803422,1.227346,1.264460,0.108476,0.000980
-0.597861,1.727588,-0.622111,-1.052164,2.171551,0.003324
1.199280,0.586045,1.549438,1.411721,1.435163,0.000696
1.384992,-0.882625,-1.212587,0.563945,1.247337,0.000621
-1.278424,-0.364574,1.386664,0.203612,0.486191,0.001445
-1.174456,0.090835,0.079209,-1.363139,2.740359,0.002732
0.274139,-1.722959,0.921554,1.585986,0.550610,0.001037
-0.692372,-1.090804,0.583140,-1.011060,0.482572,0.001797
0.392570,1.614162,-1.445743,-0.000090,1.411979,0.003155
-1.239359,-0.390721,-1.477413,0.749048,-2.253661,0.002462
-0.402818,1.303841,-0.093625,1.368304,1.533843,0.001202
1.594728,-1.300609,-1.441357,-1.424850,2.108753,0.001602
0.514791,-0.011967,-1.137223,0.576121,-0.967704,0.001171
0.809720,-0.138386,0.025248,0.960566,-2.225861,0.001934
0.302411,-1.056850,1.041502,-0.036988,2.778073,0.001443
-1.217409,1.616242,1.017100,-0.062142,1.799787,0.001120
0.394911,0.541475,1.398275,-1.441615,1.919609,0.001920
-0.453798,-0.608961,1.669810,0.932461,-0.032107,0.000801
-0.297085,1.317825,-1.396566,0.691142,1.663626,0.003268
1.148830,-0.620337,1.002640,-0.910844,-0.720338,0.001715
-0.316976,0.144548,-1.309366,-0.308572,-2.742171,0.001740
0.938354,1.228279,-1.220411,0.675778,1.842060,0.002900
1.850086,1.200056,-0.256520,1.590705,2.695911,0.000957
0.014119,0.884696,1.398771,-0.079099,2.080448,0.000612
0.773967,-0.719340,0.904665,0.234399,-2.219719,0.001743
-0.417069,-1.487925,-0.080556,-0.236971,-0.377251,0.002153
0.331369,-1.317059,1.466139,0.610333,1.857018,0.001468
1.523606,0.290842,-1.554062,0.701316,0.434194,0.001899
1.251584,0.112261,1.058765,1.648146,-0.785980,0.000665
-1.263186,-0.378126,0.855309,-0.201524,0.542288,0.002530
-1.430839,0.789320,-0.743321,-1.025949,2.075778,0.003367
0.247327,-0.054109,1.348024,-1.372832,1.144214,0.001932
-0.660500,-1.133034,0.590819,-0.454899,-0.901362,0.001744
1.703598,-1.049647,0.041147,-1.578429,-1.831429,0.000850
1.472221,1.009665,0.192104,-0.920378,0.371204,0.002475
-1.873221,0.743488,0.732617,0.484303,0.670513,0.001117
-1.636810,-0.885211,0.251398,-0.350889,2.796659,0.002517
1.627064,-1.214722,0.304067,0.650673,-1.981247,0.001346
-0.719580,0.753696,1.355745,-0.524800,-1.409335,0.001330
1.235591,0.296646,-0.079131,-0.808636,-2.338049,0.002322
-1.851162,0.279149,-1.044047,1.576924,-2.143583,0.002739
-0.183966,-0.367707,-0.904787,0.824904,0.851280,0.001374
0.866846,-1.456273,-0.497727,0.065769,-0.360587,0.001561
-1.763900,-1.068046,1.504183,-1.118959,2.014913,0.002217
1.236916,-0.379457,-0.112272,1.074429,1.057824,0.001832
1.293770,0.899182,0.646498,1.369472,1.851577,0.000532
-1.232309,0.866467,-1.397017,-0.245870,-0.527967,0.003407
-1.143591,1.528578,-1.369655,-1.641813,-0.940318,0.002631
1.884322,-0.821369,1.117747,-1.083994,0.531108,0.001840
1.760163,0.755774,1.624117,0.247239,2.748133,0.000438
1.294166,0.971270,1.313096,0.436042,-0.753533,0.000339
0.108597,-0.954694,0.938099,-1.094059,0.479835,0.001168
0.137842,0.600054,0.880445,-1.293858,0.746483,0.002417
-0.330385,0.398638,0.655668,0.283461,1.349363,0.002036
0.076891,-0.129616,-0.720721,-0.898166,1.139454,0.001241
0.751477,-1.062967,1.594810,0.567557,0.223024,0.001274
1.310018,-0.047053,-0.081306,-0.801591,-1.871824,0.001854
0.812564,1.201174,0.600960,-0.435004,0.471592,0.001623
0.243486,1.523904,-0.379661,-1.111621,2.153873,0.002968
1.515647,-1.576851,-1.020003,0.451933,1.661898,0.001618
0.409669,-1.076557,-1.292371,0.019806,1.810825,0.002426
-1.086383,-1.483067,0.172532,-1.021971,-2.367284,0.002458
1.049260,1.121293,-0.343626,-0.682868,-1.196113,0.002862
-0.533831,0.268458,0.094032,-0.479679,0.816184,0.002871
0.674898,0.203432,-0.380943,0.410876,0.561963,0.002299
-0.613112,-0.686958,0.154631,0.372539,0.667496,0.001893
-0.449869,0.229594,1.641901,-0.238679,1.964438,0.001042
-1.607600,1.309794,1.492967,-0.789687,-2.676263,0.001083
-0.065243,-1.107544,1.594114,1.318816,2.621521,0.001009
0.398830,0.052920,1.124586,0.505207,-1.355640,0.001194
1.667537,-0.210489,0.924620,0.003110,-1.719794,0.001892
-0.783584,0.259743,-1.206653,-1.612504,-0.320541,0.001712
1.006764,0.398484,-0.594385,0.720397,-0.037807,0.002448
1.917945,0.963533,1.117534,-0.797365,-1.893273,0.000960
-1.154589,-0.236440,0.041064,-1.012712,1.612188,0.002585
1.414672,-0.642264,0.027257,0.312958,1.290675,0.001686
-1.353607,-0.764905,0.779786,0.226134,2.282401,0.002320
-0.200209,-0.325983,-0.654006,-0.890801,0.890719,0.001646
-0.903540,1.264581,-0.775208,0.574881,0.429493,0.003178
0.493246,1.380266,-1.115439,-1.161254,-2.063019,0.002405
-1.626356,0.119489,-1.129829,1.018606,-2.617569,0.003110
-0.481474,-0.093536,-0.958134,-0.477832,-1.499546,0.001966
-0.837719,1.490062,-0.279947,-0.378486,0.669596,0.003162
0.630259,0.559471,-1.403515,0.271599,1.366327,0.001764
1.134900,0.309043,-1.248663,-1.380367,-0.939576,0.000571
1.641706,-0.095583,1.336702,-0.133723,1.473530,0.001286
-0.057107,0.728509,-0.617934,1.292840,-1.259854,0.002307
-1.896143,0.772015,0.596923,0.520304,1.095404,0.001294
0.331230,-1.342930,0.571909,-1.636179,-1.722662,0.001603
-0.303805,-0.424571,-1.287898,-0.242217,0.739090,0.002145
-0.470506,0.727801,-0.909483,-1.181118,1.438801,0.002198
0.647869,-0.246543,-1.227727,0.542795,1.444698,0.000555
-1.290366,0.660788,-0.487947,1.376583,1.453544,0.002263
-0.868809,1.529001,-1.604713,-1.045161,-1.392807,0.002864
0.891123,0.091344,-0.120411,-0.920113,1.481064,0.001691
-1.470204,-0.881946,1.035498,-0.162332,2.153230,0.002346
0.390362,1.010702,-1.056577,-0.609430,-0.639924,0.002500
-0.022273,-0.096108,1.089936,-1.083739,2.011750,0.002122
1.493829,-1.481719,-1.658261,-0.687256,-0.505666,0.001940
1.806394,-1.496067,0.950812,-0.081494,-2.018499,0.001434
-0.514214,-0.415733,-0.866725,-0.681914,-0.398578,0.002120
1.774954,-0.143604,1.521456,-1.556812,-2.374620,0.001840
-1.813055,0.579256,-0.945614,0.253418,1.698318,0.003749
-0.645787,-0.887753,0.761881,-0.079926,-1.910502,0.001981
-1.584095,0.827871,1.218194,1.294487,0.105028,0.000910
-1.330637,-0.957637,-0.157089,1.166801,0.887542,0.001776
-0.866982,0.893395,-0.218212,1.600903,-0.349383,0.001386
1.294740,-1.694570,0.737588,-0.336658,0.043147,0.000363
-1.156425,1.499279,-1.015200,0.204229,0.592361,0.003576
1.376322,-0.116356,1.115033,0.079244,2.597336,0.001581
0.831713,1.438519,1.495179,1.002285,-2.060420,0.000722
-1.442089,0.405760,-0.773321,-0.380849,-1.773009,0.003452
1.006666,1.237431,-1.241120,0.055827,-0.537679,0.002967
1.113578,-0.122200,0.780135,0.219208,2.719724,0.001939
-0.308586,1.702293,-0.285818,-1.052309,1.624120,0.003095
-0.876535,0.229527,0.493531,-0.995906,-2.551685,0.002955
1.870072,1.107901,-1.271876,1.153908,-1.302177,0.002552
-0.970356,0.951611,0.869884,1.147236,-1.980640,0.000544
0.950662,-0.105335,-0.588514,0.776976,1.976325,0.001824
-0.681701,-1.204935,1.661894,1.390084,-1.125070,0.000967
1.207263,-1.432241,1.394405,0.910780,-1.644358,0.001333
-0.784504,0.333550,-0.487539,0.783380,0.564532,0.002789
-1.124928,0.384355,-1.642480,-1.287491,-1.843495,0.001851
-0.561837,-1.703757,1.453087,-0.863820,-1.232317,0.001366
-0.477499,1.538469,-0.500851,-0.228372,-1.076669,0.003231
1.828648,-0.471737,-1.407644,0.523889,1.258431,0.000553
-0.490559,-1.007456,-0.306730,-0.202057,2.814959,0.001990
1.376291,0.422052,-1.034557,0.623147,1.495205,0.002486
-1.630388,-0.420672,-0.585254,0.233559,0.903491,0.002793
-1.223382,-0.105909,1.663527,-1.605491,-0.671828,0.002226
-0.636194,-0.329578,1.247875,-0.204588,2.188194,0.002030
0.290052,-0.263134,-0.837216,1.073142,0.854049,0.001254
-1.104971,-1.291298,-1.266042,1.356532,-0.490884,0.002108
1.229892,1.380075,-0.924994,-1.550046,-1.736662,0.002351
1.048162,-1.691528,0.216766,-1.023796,1.537996,0.001575
-0.079192,0.171321,-0.698280,-0.143991,-2.488542,0.001964
1.188469,1.422440,0.853949,-0.014517,1.968736,0.000301
-1.905189,0.579301,0.903764,-0.574829,2.040154,0.002263
-1.919130,0.461187,-0.672539,0.426546,-1.339997,0.003592
-1.114364,0.440383,-0.010360,-1.037015,2.205490,0.003196
1.468258,0.173026,0.696605,-0.161207,1.732259,0.002096
1.281915,0.922092,-0.868157,-1.576853,0.932533,0.001912
-0.340746,1.376231,1.216285,0.111926,-0.635802,0.000622
0.817820,0.730838,0.616116,1.135519,0.480509,0.000766
0.061602,0.059021,1.314755,-0.441869,1.958301,0.001833
0.018775,-1.447441,-0.172441,-0.692418,0.204420,0.002287
1.356611,-1.118912,-0.083741,0.273587,1.555643,0.000543
1.693228,0.176655,1.425069,-0.541990,1.524922,0.001212
1.012632,0.178997,-1.102594,-0.377360,-1.119435,0.001000
1.792683,0.504828,1.382548,-0.675959,-0.348194,0.000966
0.258691,-0.507095,-0.147031,0.329314,-2.585871,0.001333
-0.615080,-1.744556,-0.059023,0.358143,-2.224493,0.002009
-0.990285,1.061132,1.150152,-0.372290,1.803638,0.001305
-0.855719,0.719454,0.153643,-0.198639,0.922419,0.003059
-1.868444,-1.178295,-0.696877,0.598767,1.200517,0.002122
0.694071,0.934160,-1.421116,-1.306920,2.033338,0.001088
-0.549703,0.238661,0.011839,0.420028,-2.314098,0.002735
1.035919,-1.314574,0.613046,-0.324509,0.005461,0.000605
0.659256,-0.450286,-1.534393,1.539381,0.175332,0.000613
0.929768,0.109240,1.080542,0.214275,-2.058245,0.001421
0.544881,-1.142351,1.093951,0.600422,2.505038,0.001480
0.495634,-0.959362,0.193125,0.901229,1.232089,0.001090
-0.605536,0.542278,1.471209,0.612852,-0.692450,0.000597
1.577197,1.143625,1.200521,-1.303761,-1.119554,0.001199
1.114010,-0.786070,-1.440874,0.607732,1.720121,0.001059
0.544349,-0.541599,0.202034,-1.586697,0.398649,0.000923
1.370017,-1.472873,-0.394380,-1.111352,-0.621483,0.001751
-1.869914,1.144109,-0.012698,-0.212503,0.617210,0.002798
1.344010,-0.728638,-0.785793,-1.493931,-1.255995,0.001242
-1.665625,-1.600263,0.178229,-1.048441,-2.329116,0.002407
1.600068,-1.226151,-1.369472,1.560825,0.981201,0.000545
0.866832,0.220624,-1.452083,1.133706,-0.409133,0.001601
-0.412893,-1.273011,-1.307317,0.073770,0.432617,0.002978
0.071747,0.394880,1.276435,0.013944,-0.626287,0.001131
-0.934693,-0.674233,0.205528,0.979490,-0.280163,0.001875
-1.763344,-1.088547,-1.383595,-0.552653,1.078435,0.002824
0.348319,0.565932,-0.153468,-1.294015,-1.089243,0.002181
0.042085,-0.009896,-0.866425,1.078739,-0.323769,0.001762
1.326455,-0.818585,1.493756,-1.287128,1.552080,0.001512
-1.842350,-0.920415,1.252470,-0.497070,2.464104,0.002404
1.648841,1.047870,-0.351164,1.188061,-0.190895,0.001508
-1.435394,1.228567,1.068914,-1.208509,2.095753,0.002039
0.072813,0.850293,-0.783565,-0.943564,1.994028,0.002301
0.384793,-1.229740,-0.453359,1.190606,-0.128458,0.000545
-0.626439,-0.555176,1.097297,-0.151550,2.552761,0.002120
-0.721099,0.895286,-0.724315,0.888186,-2.645564,0.003033
-1.421384,-0.840352,1.250911,-0.588617,-0.043331,0.002343
-1.508839,0.232751,-1.365538,-1.188490,1.729629,0.002145
-0.983313,-1.531514,0.344168,-1.172248,-2.448865,0.002363
1.269228,-0.358900,1.235306,0.809238,-1.621454,0.000953
-1.594208,-1.147180,-0.018319,-0.471724,1.902820,0.002281
-0.118107,0.191113,-0.380411,0.845280,1.103920,0.002323
0.713314,0.948044,-0.342711,-1.263157,1.824357,0.002468
-0.593150,0.669378,1.651015,0.669066,2.320044,0.000885
-1.868581,0.362042,-1.361049,1.235270,2.619191,0.003221
-1.788720,-1.280160,1.124732,0.619738,2.738768,0.001880
0.984923,0.328786,0.132642,-1.625339,1.633802,0.001770
-0.445401,-1.373040,0.158302,-0.431219,0.639903,0.001845
-1.855844,-1.169454,0.134629,0.364466,-2.284679,0.002312
0.523653,1.191087,-0.720671,0.070735,2.316881,0.003046
0.779308,-1.023733,1.576745,-0.523698,1.859370,0.001561
-0.182320,1.011480,1.422719,1.335479,1.749903,0.000965
-0.679737,1.440350,-1.171712,-0.795222,0.866072,0.003339
0.952946,-1.569623,-0.781239,-0.434302,1.988073,0.002256
-1.912498,1.361342,-0.558611,0.386572,2.482430,0.002841
-1.683339,0.157964,-0.938905,0.670677,1.823714,0.003285
-0.974331,1.256270,-1.090342,-0.066083,-2.010629,0.003742
-0.739082,-0.439380,0.660002,-0.607347,0.214307,0.002384
0.581027,0.997405,-0.697840,-1.471198,-1.419900,0.002068
0.176424,1.318343,0.532502,0.355749,-2.566399,0.001091
-0.007538,-0.590264,-0.515732,1.523386,-1.830875,0.001132
-1.580553,-0.680367,0.482320,-0.764006,1.198202,0.002644
0.749098,-0.215743,1.131284,-0.584355,0.736725,0.001959
0.153677,-1.495070,-0.516377,0.209375,2.707489,0.002144
1.089143,-0.066647,-1.025930,-0.762832,-2.506909,0.000460
0.313247,-0.264487,0.535874,0.104334,-0.416086,0.002065
-0.568179,-1.603532,1.632429,-1.408697,-2.601620,0.001405
-1.093157,-1.269950,0.995183,-1.155238,-0.845208,0.001960
-1.868990,1.506461,-0.604883,1.137026,2.628614,0.001838
0.873352,-0.835169,-0.026548,0.937308,1.158131,0.001191
1.257784,0.155594,0.532359,-0.453658,-1.674834,0.002369
0.757347,-1.735269,0.959518,-1.634074,0.701020,0.001287
0.363291,-1.377022,0.311644,0.855052,0.249697,0.000642
0.663352,0.728402,-0.994025,1.414712,-0.914511,0.002277
0.321392,-1.385154,1.677849,0.511150,-0.164750,0.001439
0.253881,-1.650425,-0.878531,1.574126,-2.291284,0.001375
-1.375768,0.255088,0.926026,1.170170,2.066162,0.000733
0.999180,-0.531775,0.275744,1.038354,-1.968388,0.001664
-1.607228,-0.144565,-0.641050,-1.645675,0.142864,0.002194
-0.487730,1.337392,-0.560485,0.539437,0.428902,0.002838
-0.769224,-0.113055,-0.447309,-0.870196,-2.251680,0.002258
-1.719729,-0.967949,-1.408381,-1.158549,-2.046165,0.002442
-0.486497,-0.913946,-1.675098,-1.548919,2.785659,0.001778
-0.978574,-1.602815,0.425913,0.171248,-0.572091,0.001652
0.895929,1.525359,-0.350319,-0.413435,0.127895,0.002592
-1.019537,-1.138046,-0.376258,0.587016,-2.661359,0.001984
-1.388461,1.075501,-0.567349,0.196168,-2.433914,0.003506
0.194956,-1.648506,-0.989466,-0.172780,0.181673,0.002719
-1.438711,-0.142989,0.948034,0.682416,-0.682518,0.001412
-0.014803,1.043717,-0.800465,-1.193072,2.668113,0.002380
1.432244,1.306163,-0.077158,-1.540828,1.405646,0.002504
1.114125,1.623613,-1.569062,1.037321,-0.862812,0.002626
0.639658,1.398220,-0.839531,1.636267,-2.532463,0.001766
-1.479384,-0.067447,0.740054,1.414305,1.988212,0.000916
1.806639,-0.204697,-0.316654,0.296627,1.120727,0.002354
1.546951,0.321222,1.372172,-0.279621,1.564233,0.000935
1.912440,-1.470372,0.700485,1.336926,2.251935,0.001419
1.431289,-0.772318,-0.316703,0.026850,2.671831,0.000744
-0.900174,0.560237,0.878053,-1.171624,2.117072,0.002765
0.020078,1.592774,1.317156,1.483761,-1.722801,0.000892
1.284959,1.266479,1.511801,0.495916,-0.685576,0.000660
0.333641,-1.194217,1.677109,0.736908,-0.847405,0.001221
1.608362,0.741384,-0.564039,1.423891,-0.932381,0.001900
-0.691299,-1.641571,0.679069,-1.299914,-2.472013,0.002106
0.599256,1.634869,-1.473084,0.861683,-1.466767,0.002875
1.387034,-1.702938,-1.033776,1.575639,0.469740,0.000861
-1.414095,-1.728856,-0.307471,-0.217450,0.231889,0.002664
0.694213,-1.207855,-0.613934,-1.482353,2.821684,0.002002
-0.292393,0.623031,-0.725810,-1.186448,-1.662948,0.002138
-1.861533,0.657217,1.655151,-1.354300,-1.820975,0.001635
1.158431,0.476087,1.513563,-0.448631,-0.353096,0.000764
-0.820154,1.062519,-1.056195,-0.398595,0.938928,0.003444
1.587279,1.091982,-1.402826,1.207331,1.675751,0.002655
-0.112372,0.187716,-0.191939,-1.474140,-0.955056,0.001725
1.586129,0.344313,-1.358145,0.170584,0.710125,0.001990
1.195069,0.284788,-1.009458,1.558339,-1.089193,0.002022
0.865334,0.655286,1.430675,0.878861,-0.578495,0.000539
-1.735487,0.545722,-1.649828,-1.484286,-2.614493,0.001814
0.280801,1.003364,-1.452548,-0.599235,-0.626110,0.001951
1.533705,0.510809,-0.321942,1.399432,1.093819,0.001845
0.661378,0.740346,0.141378,-0.107779,2.687574,0.002599
0.275796,-0.327432,-1.373713,-1.020505,2.747881,0.001861
1.772816,-1.734941,-1.427052,0.593222,-1.526214,0.001943
0.628382,-1.012913,-0.348672,-0.577382,-1.367224,0.001393
1.056362,-0.684819,1.401534,-1.032239,2.254422,0.001623
-1.330507,-0.712288,1.634916,-1.501148,1.938075,0.002128
-1.291362,0.066657,1.548716,-1.263674,-0.638821,0.002191
0.031409,0.531392,-0.553515,-0.833186,2.326381,0.002142
-1.888881,1.679786,-1.185353,-0.891936,1.342354,0.003628
0.971684,0.045445,-1.617169,-0.919692,-1.582234,0.000900
1.506389,-0.143694,0.903958,1.347126,-0.548078,0.000840
1.627597,0.629765,0.354427,-0.163547,-0.274631,0.002141
-0.675842,-0.771773,-0.050212,-0.306209,-1.278793,0.001982
-1.636773,1.652022,0.245832,-0.543953,1.949320,0.002203
-0.049733,1.172327,-1.133089,-1.175242,-1.429900,0.002284
1.383173,0.923699,-0.581222,1.437655,2.061280,0.001881
-0.429739,0.348568,1.638735,0.684112,-1.639457,0.000652
0.378712,1.365724,0.109266,-0.108187,1.419220,0.002195
-0.176457,0.464759,-1.666249,0.871513,2.623556,0.001945
1.325555,1.105532,-0.089274,0.780480,-0.011867,0.001517
-1.483889,-1.628270,-0.513098,1.116307,-0.117950,0.001733
-1.493560,-1.628200,0.094162,-0.834305,0.823430,0.002446
-0.784345,-0.196895,-1.212100,-0.312307,0.431976,0.002236
0.117001,-1.388679,1.216937,0.709247,-1.912618,0.001394
-1.496521,-1.140174,-0.303378,-0.846169,-1.466820,0.002544
0.490133,-1.328513,-0.970026,1.374364,-2.086499,0.001188
-1.064473,1.425918,0.949994,-0.171548,2.671130,0.001186
-0.664547,0.327091,-1.002618,-0.135202,-1.373815,0.002590
0.847664,-1.102342,1.304683,1.316299,1.548606,0.001101
1.481869,-0.689811,-1.514950,1.354019,0.478007,0.000459
-1.751122,0.963207,-0.603279,1.498911,2.755284,0.002037
0.394113,1.423624,-0.483194,-0.747276,1.334205,0.003045
0.225986,-1.659120,-0.511296,-1.629421,-1.017781,0.002083
-0.124063,-0.481880,0.081605,-1.560316,2.555898,0.001475
-1.109256,-1.451684,0.358477,0.567213,-0.951726,0.001661
1.595233,-1.205925,-1.108629,1.139531,-0.235412,0.000431
0.229550,0.934762,-0.082750,1.294803,-1.493343,0.001550
-0.040144,-1.152246,-0.885800,0.376011,0.618347,0.002096
-0.455744,-1.713383,-0.174670,-0.763632,2.814847,0.002726
0.301266,1.346274,0.646433,-1.354885,-0.003285,0.002298
1.726747,0.109482,-1.212117,0.870413,1.601368,0.002194
0.900556,0.561009,1.185998,-0.231071,-0.843103,0.001153
1.519038,-1.445985,1.585598,-1.066444,-0.876678,0.001302
1.159060,-1.309290,-0.429631,0.493505,-0.897497,0.000476
1.324622,-0.717669,0.303619,-0.488711,-2.131381,0.001307
-0.850776,1.103612,-0.618733,-0.512977,2.218835,0.003578
1.596387,0.258445,-1.316848,-0.798487,1.676755,0.000972
-0.463723,1.494740,-0.408364,1.615060,0.917490,0.001188
-0.849520,0.164741,1.015128,-0.835038,-1.094954,0.002589
-0.320942,-0.478681,1.485424,0.488020,0.550503,0.001160
1.715373,-0.342219,0.629353,-1.099128,1.913404,0.002017
-0.659871,-0.076427,-1.597195,-1.171000,1.804447,0.002028
0.674944,-1.728133,0.884725,0.420523,2.550711,0.000668
1.652791,-0.273026,-1.314345,-0.266879,-0.527604,0.000323
0.000085,-0.875202,-0.587339,-1.445740,1.458398,0.002162
-0.847244,0.631193,-0.754658,1.131997,-1.413233,0.002799
-1.456777,0.980898,-0.919055,-1.079181,0.444969,0.003441
-1.680004,0.204251,-1.627924,-0.237455,-0.424436,0.002720
-1.591793,-1.458852,0.294210,-1.644398,1.342856,0.002248
-0.504704,-0.827895,1.524525,-1.583874,0.757784,0.001674
-1.851258,-0.411889,-0.633550,-1.391636,1.630312,0.002188
0.275919,-1.475375,1.612833,-1.290829,0.004438,0.000955
-1.802712,-0.328749,-0.028474,1.181558,1.040283,0.002222
-0.567213,-1.101998,-1.537160,-0.568673,-2.392962,0.002852
-1.244431,0.526208,-1.008759,-0.418102,-2.704264,0.003213
1.584559,1.189816,-1.370185,0.612052,0.002808,0.002918
1.235975,-1.121400,-1.081247,1.505527,-1.580686,0.000430
-0.249609,-1.161606,-0.591548,-0.562260,0.650227,0.002518
0.111850,1.594453,1.040470,0.807305,-1.086680,0.000701
-0.756913,-0.148338,-0.698422,-1.041978,-1.645378,0.002128
-0.464230,-0.571749,1.490918,0.348280,2.114169,0.001408
-1.541191,-1.608733,1.128011,-0.207837,0.331671,0.001928
-0.872711,-0.233124,-1.241477,1.630307,0.325982,0.001813
-1.540426,1.227237,-0.236331,0.448330,-1.865591,0.002528
-0.400911,-0.007027,-0.009286,1.060350,0.025164,0.002017
-0.758346,-0.810688,-0.649968,-0.091743,-1.267748,0.002280
-1.801034,-1.049864,0.264166,-0.760938,-0.890563,0.002414
-0.926994,-1.407527,-1.080271,-0.814171,1.943970,0.002959
-1.070415,1.146325,0.822353,1.572818,1.464996,0.000694
-1.477858,1.536040,1.156280,-0.186934,-0.322230,0.001077
-1.801004,-0.985617,0.726315,-1.291540,2.795105,0.002304
-1.836605,1.713821,-0.688818,-0.129776,0.302641,0.002980
-0.808057,-0.975648,-1.519076,1.072543,2.686556,0.002401
-1.437754,1.256047,0.745423,0.829777,-0.577933,0.000687
-1.698788,0.664702,1.561987,0.526461,-1.436654,0.000849
0.141053,-1.320603,0.736429,0.573238,-0.248479,0.001116
-1.886591,-1.534613,0.615085,0.638066,0.468729,0.001873
-1.045589,0.569437,-1.333392,0.423404,0.452580,0.003163
-0.554864,-0.980296,0.759090,-1.057869,-1.865015,0.001757
0.509777,0.560686,-1.345344,-0.788280,-2.193185,0.000970
1.588997,-1.716056,-0.503581,-1.138023,-0.135656,0.001908
1.562142,0.723880,-0.472613,-1.039094,1.193685,0.002617
0.160945,0.768957,-1.538389,-1.083905,-0.957338,0.001099
-0.128490,0.242412,0.209878,0.142313,0.417944,0.002556
-0.316871,-0.772089,0.061278,-1.253956,1.440876,0.001745
1.739146,-1.556498,0.954266,-0.915803,-0.864972,0.000826
-1.791083,1.637419,0.209883,-1.387526,-0.947942,0.002659
1.832626,-1.535746,1.412523,-0.731170,-2.308846,0.001436
0.478605,1.383127,-0.451515,-0.508624,-1.278500,0.003019
-0.724758,-1.509600,0.017816,-0.525379,-1.815935,0.002407
0.853839,1.372657,1.038182,-1.208571,2.358326,0.001447
-0.350152,1.447183,-1.407308,1.604305,-2.203554,0.002547
0.942363,0.748443,0.869226,-0.846725,1.433382,0.002014
0.049537,-1.581096,-1.360352,-0.728759,1.989203,0.002347
-0.285741,-0.788736,0.117967,-0.563014,-1.023225,0.001591
-1.158820,-0.519073,-1.129956,0.245738,-0.639186,0.002468
-1.768480,-0.990927,-0.072965,-0.736086,2.184040,0.002339
-1.696242,0.516361,1.220131,1.395454,-0.039540,0.000884
-0.372056,-1.620884,-0.119496,0.497097,-0.854860,0.001676
-1.298820,-0.102546,-1.141363,0.192117,-0.191500,0.002722
1.899921,-1.176717,0.457019,-0.996775,-0.406662,0.000883
0.950092,-0.009913,-0.470837,1.290413,2.127046,0.001932
-0.451056,-1.414894,-0.531112,-1.039213,1.416306,0.002764
0.532031,0.017954,-1.634654,1.545618,-2.668633,0.001099
0.105398,-0.238606,-0.804797,1.293277,-0.827837,0.001424
0.249995,-1.289580,-1.512756,1.128228,-2.024108,0.002193
-1.400524,0.547473,-0.963632,0.931410,-2.326881,0.003315
-1.800130,-0.421395,1.240326,-1.212162,-2.714311,0.002655
-0.068786,-0.178419,-0.209672,-0.895847,1.223116,0.001483
1.350272,-0.160889,1.439571,0.718569,-2.315012,0.000560
1.691157,-0.373885,0.433538,-1.076165,0.167295,0.001918
-1.073293,0.540363,-0.656190,1.647524,-2.135678,0.002168
0.245769,-1.104555,-0.691407,1.195001,0.055806,0.000777
-1.578080,0.798007,-0.188946,-1.383864,-0.037570,0.003460
-0.209158,0.292474,-0.221803,0.334602,1.187137,0.002646
1.879398,0.201149,-0.200713,0.703171,2.360107,0.002471
-1.831515,-1.619455,1.613353,0.152570,-2.454674,0.001914
0.615787,-1.408385,-1.331234,-0.322549,0.962969,0.002495
1.229173,1.235238,-0.382686,1.592341,-1.964927,0.001230
0.655493,-0.936792,0.703826,-0.101672,-2.574661,0.001295
-1.748386,-0.712434,-1.360733,0.623681,-0.170515,0.002441
0.552981,0.581548,-1.529461,-0.283247,1.070094,0.001114
1.547851,1.556830,-0.396451,0.253176,2.472701,0.001755
-1.746389,1.662211,-0.152812,1.158481,-1.806503,0.001038
1.673517,0.958033,0.516901,-1.084164,-0.296073,0.002164
0.329024,-0.342261,1.327901,0.168416,-2.246482,0.001541
1.441187,-0.658662,-1.110090,0.473808,1.768731,0.000127
-0.805172,-0.044036,1.581777,-0.192462,-0.660323,0.001282
0.193606,0.722847,0.484119,-1.547978,2.504232,0.002446
-0.159272,0.712866,0.333477,-1.113456,2.811839,0.002811
1.102452,0.602922,-0.778427,-1.023117,-2.243201,0.001857
0.221310,-1.008448,-0.267311,0.865668,0.643875,0.000665
-0.700710,-1.421257,-0.648364,-1.003776,0.301494,0.002882
-0.297949,-0.492873,-0.384070,-0.305109,-0.363419,0.001659
-0.663760,0.906473,0.098602,-1.620614,-0.450310,0.002966
-1.055919,0.333168,1.147102,0.807034,-2.056848,0.000693
0.001927,-0.120377,-0.204196,-0.434216,1.091390,0.001721
-1.452612,-1.571182,0.484945,-0.993059,-0.740817,0.002211
1.620591,-1.250013,1.182291,-0.312532,-1.672952,0.001646
1.861820,0.375818,-0.938838,0.873517,-0.674398,0.002666
0.123863,-0.500683,-1.137326,1.087514,1.202840,0.000931
-0.919246,0.096648,-1.646960,1.143493,-1.502107,0.002379
-0.738424,1.363611,-1.025693,0.584936,-2.435550,0.003396
0.277244,0.942961,0.225129,1.640195,0.555967,0.000849
-0.305516,-0.712062,0.451270,0.730371,-0.465366,0.001693
1.729858,0.655608,0.370528,-0.697440,2.749343,0.002458
-0.988626,-0.022415,-0.136537,-0.098953,-0.729112,0.002960
0.817297,1.099382,-1.231776,-1.522745,-0.261065,0.001581
1.918160,0.582839,0.370773,-0.175948,1.708686,0.002153
-1.668465,0.410102,1.062961,-0.453782,-0.228060,0.002000
-0.757592,-0.152920,0.533969,-1.656806,-2.509686,0.002222
0.084871,-1.050548,-0.936336,-0.204769,0.350808,0.002383
0.930838,-1.047002,1.242628,1.152719,0.488829,0.001164
-1.417050,-0.232252,-1.468459,1.547839,-1.888467,0.002349
1.452593,0.088308,-0.621366,-1.392246,0.411253,0.001103
-0.409434,-1.331602,-1.415876,-0.100180,-1.984594,0.003009
-0.894173,1.678015,0.699179,0.740541,2.709665,0.000845
-1.210851,1.392506,-1.412868,0.589887,-1.201226,0.003660
1.308723,1.412352,0.085348,-0.361689,-0.750548,0.001837
1.691681,1.253645,1.259815,0.582543,-2.639654,0.000541
-0.251389,1.471546,-1.382622,-0.454502,2.325787,0.003113
-0.839853,0.976320,-0.706585,-0.260028,-1.742204,0.003586
1.464451,1.513488,0.479160,1.287566,-0.679664,0.000443
1.907723,1.171459,0.760232,-1.431253,2.288731,0.001778
1.281045,-0.547122,-0.069146,-1.405057,-1.073832,0.000688
-0.399544,-0.423877,0.916774,1.308776,-0.394257,0.001005
-1.292897,1.416938,-1.204629,0.358991,0.147534,0.003669
-0.384328,-1.238376,0.377460,1.408253,-1.394855,0.001037
1.717023,0.080954,0.713365,0.056782,-1.828322,0.001953
-1.606073,-1.626118,-1.534024,-0.171187,-0.799423,0.003109
0.830636,-0.342844,-0.040232,-1.209979,1.272772,0.000779
-0.746047,0.920139,0.621574,0.474732,-2.665939,0.001449
1.215173,0.414468,0.360185,1.113362,-1.569746,0.001352
0.359220,1.654309,1.114674,1.392389,0.180461,0.000707
-1.628086,0.567479,1.109215,-0.708021,-0.172136,0.002038
-0.831470,-1.116869,1.192322,0.592018,0.256631,0.001631
1.261513,-0.886741,0.588659,1.491311,1.767398,0.001325
0.773389,1.248960,-0.550612,-0.466313,-2.689838,0.002979
0.744957,1.264343,-0.269890,1.273950,1.862774,0.001447
1.025848,-0.476405,0.973387,0.377354,2.579147,0.001739
-1.369563,1.032183,-0.206293,-0.817268,-2.569014,0.003600
1.646914,-1.598573,1.226891,-0.392923,2.256162,0.001280
-0.715393,0.574871,-0.456265,-0.546915,0.868139,0.003137
1.057975,-1.252215,-1.404592,-0.870265,-1.927082,0.002074
-0.986801,1.477908,1.373741,0.391040,2.318570,0.001004
-0.796150,-1.416600,-0.453845,1.258812,-2.586240,0.001480
1.439804,-0.147630,0.826227,0.089995,-2.239680,0.001949
0.897608,-1.299938,1.504192,0.038723,0.860343,0.001543
-1.864175,-1.266285,1.072833,-1.465219,-2.509398,0.002119
-1.587327,-1.136791,0.847061,0.547656,1.672693,0.002019
1.005297,-1.519262,-0.854352,1.421643,0.246654,0.000793
0.783254,1.665162,1.442936,1.415448,-0.451913,0.000609
0.137151,-1.510807,-1.528693,0.114426,-1.459065,0.002703
-0.566951,-0.874771,-0.112021,1.417024,-1.457528,0.001295
-1.606736,1.582181,0.463483,-0.430089,0.064927,0.001792
-1.547823,-0.659418,-1.559431,-1.160367,-0.094669,0.002397
-1.603072,-0.616339,0.311567,1.201004,-1.467483,0.001882
-0.526642,-0.777487,-0.722180,1.525908,-0.325046,0.001217
1.188107,-1.222564,-0.130491,-0.107523,0.731895,0.000337
0.663262,-0.375782,-1.019792,1.474809,-0.674975,0.001001
-1.440093,0.145608,-0.990687,0.997337,1.113844,0.002973
0.383709,-1.691357,-0.261771,0.172977,1.522163,0.001841
-0.610856,1.520635,-0.181015,-1.372276,-0.308765,0.003181
1.309845,-1.088756,-0.599983,1.583567,-2.333717,0.000682
-0.618618,-0.211600,-0.063174,0.160594,1.082171,0.002400
-0.418606,-1.624952,-0.545150,-1.587583,0.053678,0.002399
1.417372,-1.451406,-0.315177,1.369771,1.893446,0.000544
0.915038,0.735222,-1.663917,-0.213038,2.223920,0.001349
0.853237,-0.516829,0.204815,0.395211,2.079679,0.001706
0.186796,1.236948,0.800465,1.647161,-0.838196,0.000652
0.060233,0.457336,-1.639704,0.129864,-0.118517,0.001444
-0.849682,0.403576,0.747955,0.564478,2.318203,0.001626
-0.134279,0.740281,-1.083314,0.506975,-2.006615,0.002834
1.136478,1.089001,-1.219262,1.409169,-0.011989,0.002364
1.586695,1.274263,-0.495496,0.759339,2.179531,0.001896
1.915798,-0.860846,0.976768,-0.374620,-2.363802,0.002016
-0.841683,-1.189553,0.750902,0.150225,-1.894998,0.001834
0.401903,-1.183924,0.243574,-0.517611,1.492703,0.000920
-0.024664,1.130619,-0.500771,-0.315177,-1.218897,0.003224
0.743728,1.493114,-1.451524,0.278277,0.238521,0.003052
1.313739,-0.080980,0.442125,-0.669681,0.701001,0.002240
1.231286,-1.330940,0.580269,-1.269136,1.616934,0.000724
0.083796,0.376549,-0.342171,-0.061284,-1.753125,0.002588
1.227702,-0.884591,0.346121,0.614345,-1.091858,0.001542
-1.456912,-1.190481,-1.208225,-0.074522,-0.824920,0.002982
-1.352253,1.371689,-0.821825,-1.656968,-0.984373,0.003108
-0.930091,-0.362923,-0.890198,-0.536980,0.363208,0.002322
-1.661132,-1.507028,-0.828552,-0.196519,0.199600,0.002876
-0.752116,-1.644717,1.303078,-0.712566,0.052235,0.001466
-1.548890,-1.246787,0.588608,-0.867598,0.671839,0.002158
0.096521,0.110642,1.351768,-0.089712,2.359634,0.001464
0.389106,0.845742,-0.098047,0.445411,2.277427,0.002521
0.345452,0.690091,-1.034431,-1.397429,2.578036,0.001154
-1.216581,-0.651366,-0.312364,1.051328,-1.087012,0.002134
-1.316326,-0.253193,1.099090,-1.512024,0.236381,0.002607
0.783458,-0.116896,1.259165,-0.393823,1.204592,0.001775
-1.271830,-1.269476,0.453006,-0.231939,0.271774,0.002026
0.447753,-0.763468,-0.038176,1.130868,-2.238236,0.001177
0.273489,1.145740,-1.619937,0.714493,-1.616570,0.002800
-0.643829,-1.732198,-0.536968,1.111694,-2.296019,0.001875
1.600597,-0.244089,-0.018714,-0.712727,2.480237,0.001845
-1.159769,0.974202,0.089075,-0.612699,1.044799,0.003291
1.124665,1.321696,-1.480297,-1.596834,-1.227421,0.001653
-0.656536,-0.809130,-1.051636,-0.725982,1.338813,0.002686
-0.540849,0.303255,0.173464,1.047836,0.978238,0.001909
1.235559,0.184308,-1.522366,-0.454800,-1.203953,0.000429
-1.120779,0.523275,1.110014,0.909970,-1.033802,0.000572
-0.176853,-0.717333,-0.450425,-0.167706,2.780992,0.001578
-1.609900,-0.318717,1.405519,0.259971,-0.739747,0.001242
0.986728,1.679269,0.845285,1.363845,0.406774,0.000537
-0.764250,-1.274122,1.496069,-1.013612,1.698838,0.001645
0.360494,-0.325339,-0.652073,-1.604141,2.315070,0.001328
0.241959,0.936926,0.538706,1.300100,-2.166618,0.000672
0.738081,0.710057,-0.098458,-1.018258,-0.285594,0.002579
-1.846130,0.764683,1.647278,1.159235,0.021485,0.001225
0.821753,-0.625096,-0.523935,-0.389375,1.607083,0.000536
-0.560388,0.357212,0.993567,1.426497,1.159063,0.000661
0.146194,1.101786,-0.372205,-0.110414,2.031779,0.003070
-1.697352,1.178716,0.950695,1.561964,-1.128922,0.000868
0.352855,1.373416,-1.611964,1.071819,1.811850,0.002895
0.578451,0.273077,1.544444,-0.347145,-0.559734,0.001024
-0.523671,0.013024,0.692086,-0.201074,-0.324762,0.002496
-1.197046,0.172900,-0.969146,0.405228,2.728633,0.003032
-0.209370,-1.213892,1.664821,-0.364414,0.047644,0.001639
1.434238,0.727532,-0.117149,1.203577,-1.356401,0.001606
-1.222214,0.530312,-0.398586,0.115558,1.451965,0.003444
-0.107210,1.535101,-1.192924,1.124196,1.662535,0.002764
-1.466626,0.178856,0.959748,-0.282533,-0.033956,0.002264
0.942626,1.262070,-0.359618,1.117919,1.793084,0.001655
-1.464381,0.589356,1.094360,1.117679,-0.408428,0.000632
-1.092335,-1.149154,1.191728,-0.552058,1.756691,0.002001
0.415589,-0.986861,-0.271433,1.017224,2.115831,0.000585
-0.565338,0.979035,-1.496488,0.095391,-1.970832,0.003011
1.775707,0.692443,-0.491804,1.530018,-2.184266,0.001785
-0.195167,-0.668229,1.664417,-1.364700,0.202809,0.001704
-1.064237,0.682323,-0.099226,1.170381,1.255722,0.001968
1.003259,-0.646766,-1.161652,-0.376989,-2.534729,0.001361
-0.984969,0.398943,-1.007863,-1.529850,0.402630,0.002030
1.077073,-1.085083,1.430199,-0.524842,0.218258,0.001577
0.510616,0.168992,0.279068,-1.314978,0.050251,0.001903
0.959305,-1.251505,1.449097,-1.447670,1.612452,0.000861
-0.434057,-0.720316,1.181438,1.064144,0.646419,0.001153
-0.456076,1.010910,-1.180682,-0.331692,-0.391016,0.003062
-1.309269,-0.337742,-0.447378,-1.182569,-1.915709,0.002409
1.787460,-1.505323,-1.271288,1.547903,2.563782,0.000712
-0.631982,-1.386527,0.367272,-0.205277,2.573446,0.001648
-1.427088,0.971160,-1.606059,-0.969458,-1.065380,0.002793
-1.288505,1.029641,-1.103272,-0.130170,-2.021467,0.003794
1.059822,0.597850,-1.524372,-1.062323,0.745349,0.000701
-0.297554,-0.690761,0.438234,1.274314,-0.121258,0.001357
-1.062658,0.118408,0.325091,-0.963081,1.345235,0.002984
0.162517,0.547134,-0.158628,-0.203320,-1.570230,0.002798
1.503714,-1.056423,-0.847129,-0.452500,2.690709,0.001264
0.199212,-1.235113,1.147618,-0.695255,-2.626852,0.001103
0.891902,1.611516,1.334486,-1.533019,-0.164159,0.001001
-1.186943,-0.686591,-1.056956,0.941918,-1.178714,0.002209
1.788786,0.086995,0.243599,0.954510,1.057710,0.001795
1.391045,-1.300843,-0.015007,0.157440,-2.134285,0.000240
0.893196,-0.160598,0.406117,1.204977,1.212800,0.001548
1.041078,-0.723209,-0.178245,1.403391,-0.571150,0.001287
-0.110621,-1.291263,0.571589,-0.907795,-1.824974,0.001492
1.418604,-1.127817,0.301632,-0.775407,-0.041187,0.000517
1.602651,0.956684,0.905020,-1.351100,-2.146099,0.001878
1.039995,-0.074853,1.171710,-0.412872,0.770237,0.001820
-0.892423,-0.345471,-0.005816,-1.078482,-0.584364,0.002311
-0.553605,-0.905139,0.876145,0.353253,-0.323896,0.001814
0.284863,-0.183482,-0.567452,-0.924052,1.162452,0.001003
-1.868677,-1.390844,0.227349,-0.698970,-1.139655,0.002239
1.031714,1.715818,0.108178,-1.649493,0.615027,0.002225
0.982445,-1.112293,-0.868935,-0.966896,1.635870,0.001984
1.655245,1.056030,-0.392602,0.932171,0.304505,0.001783
-0.346681,-0.152231,-1.237853,1.564454,1.855523,0.001508
-1.119190,0.505846,-1.334352,-1.342472,-1.925309,0.002055
0.269935,-0.631788,1.137059,0.357358,2.037769,0.001675
1.778593,-1.350456,-0.592331,-0.331248,-0.700544,0.001043
-1.001557,0.723373,-1.085160,0.677769,-0.572305,0.003339
0.114642,0.546063,0.501337,-0.859637,-0.141110,0.002658
-0.626619,1.672344,0.436344,-0.559763,-1.348796,0.001926
-1.869344,-1.467238,1.054990,-0.862856,0.842916,0.002065
1.732027,-1.323490,1.467576,-1.029346,2.200296,0.001412
0.877921,1.120872,-0.486963,-0.697383,0.560828,0.002899
0.453831,1.256017,-1.278333,-0.315334,-1.486918,0.002803
-0.548979,-0.825244,-1.284800,-0.645423,2.812709,0.002771
0.737987,0.314613,1.014537,0.477344,-0.151994,0.001064
0.062779,-1.576300,0.823461,-0.473527,1.909486,0.000910
-0.335153,0.634214,-0.215882,-1.142610,0.155966,0.002717
1.784886,-0.886793,-1.043723,1.137967,-0.620296,0.000690
0.041383,0.216158,0.275634,1.017961,-0.465942,0.001765
0.024381,-1.456175,1.272836,0.573779,-0.879969,0.001409
-1.238566,0.101558,-1.099342,-0.445760,0.324951,0.002667
-0.039092,0.190721,1.684837,-0.943881,-0.256427,0.001543
-1.713641,1.080870,0.289194,1.412661,0.929184,0.000633
-0.091756,0.104151,-0.164360,-0.551161,0.632556,0.002165
-0.318879,1.118846,1.244642,-0.537520,1.119336,0.001137
-0.265804,-0.895669,1.654184,-0.868440,0.943937,0.001702
1.007748,0.680344,-1.391307,-0.709445,1.072786,0.001331
-0.940012,1.634657,-0.195698,0.172965,0.069714,0.002305
-0.263115,-0.120567,1.410115,-1.580404,2.672405,0.001997
-1.479799,-0.242555,0.650972,0.995728,0.931034,0.001575
-0.037660,1.362564,-0.220609,-0.837616,1.617224,0.003113
0.247606,-1.276631,-0.575217,-1.361974,0.279169,0.002336
-1.344140,0.753597,0.187615,1.562152,-2.678833,0.000982
0.829807,-1.034352,-1.573459,0.425030,0.304003,0.002035
-0.758859,0.025587,-1.503793,-0.241483,0.477936,0.002181
1.438783,1.211889,1.004588,1.399381,-0.408829,0.000530
-0.195635,-1.713229,-0.144200,0.030159,0.356873,0.002133
1.742149,-1.458212,-0.640189,-0.245487,1.875226,0.001309
0.588104,1.063583,-1.343968,-0.560065,-2.643699,0.002149
1.626163,0.764738,-0.472574,0.016140,-2.689413,0.002870
1.088601,1.459539,-0.820613,0.668929,0.118088,0.002358
0.640357,0.253073,0.085312,0.301144,-2.146377,0.002411
-1.580482,-0.651842,-1.389573,-0.403198,-2.288223,0.002670
-1.281938,0.717280,-1.608374,0.294781,-0.793402,0.003331
0.966720,1.051324,-1.298594,-0.332474,-0.764079,0.002541
0.528246,-0.614229,0.495877,1.102699,-0.867434,0.001469
0.340621,1.105286,1.633721,1.221623,2.698643,0.000926
1.874503,-1.520439,0.328561,-1.619621,-2.220274,0.001083
-1.345879,1.682971,0.565870,0.464564,-2.465193,0.001078
-0.249464,1.035567,-0.167178,-1.549490,-0.707219,0.002790
-1.805390,-0.815400,1.225958,0.683654,-1.256504,0.001451
0.192308,-0.343974,0.683709,-0.185995,2.130471,0.002019
1.640509,1.244739,-1.255923,-0.722513,2.308537,0.002790
1.683516,1.575263,-1.650053,-0.515996,-0.295193,0.002903
-0.378438,-1.645403,-0.861982,1.475700,2.333173,0.001664
-1.420652,-1.571687,0.715493,-1.073765,-1.081261,0.002096
1.915927,1.337239,-1.165515,-0.425569,-0.469400,0.003075
-1.692652,-0.037494,-1.043208,1.051499,2.211516,0.002939
0.462837,-0.968495,0.071312,-0.259594,2.419056,0.000690
1.664881,0.142937,-0.811260,-0.833265,-1.653997,0.001592
-0.208596,0.778050,-1.575004,0.707725,-0.977329,0.002574
-0.532179,1.743815,-1.062425,0.836606,-0.559406,0.002759
1.413531,1.052365,-1.016834,-1.624274,2.777338,0.001906
1.884829,-0.892483,-0.846666,0.899395,1.748716,0.000851
-0.234969,0.813810,1.538092,1.009561,-0.244028,0.000976
1.403637,-0.618183,-1.481218,-1.635323,1.696803,0.001355
-0.952350,-0.327563,0.667025,-1.582138,0.130698,0.002325
-1.454412,-1.308707,0.238219,0.764827,-0.724473,0.001856
-1.096885,-0.110419,-0.305251,-0.019500,2.471439,0.002863
0.527239,-1.411606,-1.274303,-1.554098,0.638514,0.001711
1.046106,-0.035497,-0.305652,1.294029,-2.579368,0.001919
1.795285,0.494611,1.100972,0.893883,2.198786,0.000377
-1.520102,-0.628170,0.330931,-0.686378,0.564703,0.002682
1.539951,0.604566,-1.481548,-1.249792,2.693275,0.001021
-1.649360,1.195447,1.644845,-1.120228,1.188374,0.001156
1.182729,1.575814,1.159662,0.824918,1.558654,0.000612
1.067878,-1.427286,-0.548292,1.177755,1.377370,0.000424
1.734004,1.191192,0.513886,0.110589,-2.141564,0.000782
-0.254113,1.612501,-1.533103,1.539662,-2.220079,0.002617
1.019663,-1.292454,-0.620886,-0.642405,-0.760605,0.001863
1.377428,-1.113934,1.255156,-0.414446,-2.344296,0.001627
1.451988,0.932483,-0.178644,0.510432,1.038632,0.002110
-0.384423,0.168587,-0.325231,-0.069672,1.184298,0.002559
-0.326175,-0.334868,0.918740,-0.688922,-0.812300,0.002240
-0.277695,-0.949986,1.253942,-0.330999,-0.910170,0.001790
-1.681133,-0.964716,0.350759,-1.498182,2.681056,0.002194
1.903409,-1.252427,-1.519924,-0.265976,-1.259414,0.001865
-1.285141,-1.386172,-0.041144,1.249571,2.762875,0.001454
-0.618939,-0.360321,0.517746,-0.384355,2.313106,0.002357
1.125648,0.317188,0.537327,0.705678,0.947057,0.001556
-0.572315,0.142093,-0.691087,-0.717190,1.020833,0.002146
-0.278959,1.189482,-0.946184,-0.793097,2.087418,0.002970
-0.544962,1.648582,-1.242893,1.184353,0.341721,0.002683
0.140840,0.116660,-1.073401,0.913748,-0.489847,0.001754
0.484789,0.494599,1.242789,1.415155,0.256551,0.000683
-1.128627,0.088564,1.686971,-0.689375,-1.423191,0.001501
0.922683,1.363148,-1.029831,0.705781,2.581581,0.002774
0.243808,1.343272,0.622437,0.556046,-1.988628,0.000638
-1.050830,-0.907924,-0.433301,-1.234430,-1.655800,0.002483
1.219628,-0.827871,-1.491354,-1.094998,-1.363913,0.001787
-1.327829,-0.588276,-0.688822,0.936609,-0.443987,0.002296
0.989968,0.752190,-0.552083,-0.830862,2.647780,0.002439
0.607865,-1.384373,0.905965,-1.559216,0.705036,0.001057
1.423597,-1.564741,0.199201,-1.452601,1.856695,0.001398
1.051862,-1.224354,-0.581166,-0.753845,0.004916,0.001743
0.120936,-0.779346,0.710799,-1.014731,-2.462650,0.001272
1.181526,-1.185015,1.533785,0.596637,-0.777119,0.001313
-0.958918,-0.239909,-1.045121,-0.610253,-1.674186,0.002373
-1.844215,-0.079561,0.825125,1.038076,-1.147499,0.001068
1.269356,0.788612,0.697673,-0.111528,0.215100,0.001470
-1.428678,1.246265,0.526318,-0.432546,-0.523994,0.002106
-0.288422,-0.285859,-1.110015,-0.897508,-1.826299,0.002025
0.856953,-1.587570,-0.229885,-1.514832,-1.935305,0.001966
-0.370053,-0.909517,-1.056744,-0.151522,-0.742601,0.002589
-1.172548,-0.769877,-1.209871,0.320363,-0.295918,0.002550
0.142326,0.255629,1.240943,-0.504936,0.380413,0.001814
-0.773471,-0.722058,-0.335344,-0.488657,1.097176,0.002091
-0.295129,-1.570671,-1.689160,-0.253345,-0.454750,0.002580
0.368801,-0.555818,1.253105,0.370466,1.329245,0.001540
-1.342377,-0.912301,-0.320582,0.368921,-1.752229,0.002312
1.080790,-0.606281,0.847115,0.543320,-2.243011,0.001725
0.666244,1.042113,1.679716,-0.533882,-2.543508,0.000362
-0.543359,0.297195,0.138152,-1.554344,-2.569754,0.002349
-0.232979,1.318607,-1.448693,1.092957,0.250485,0.002999
1.469612,-0.501303,1.068095,0.188668,-1.869718,0.001739
-1.147763,1.641893,-0.661389,-1.514109,-0.280480,0.003284
0.317960,0.667305,-1.688016,-1.030158,-2.710536,0.000794
-1.117529,0.481817,-0.657582,-1.013301,1.515007,0.002910
0.128157,0.480895,1.025743,-0.870014,-2.414280,0.002269
0.627876,1.032883,0.059822,1.023941,-0.725911,0.001402
0.826145,0.094015,-0.583233,0.565332,-2.058809,0.002057
-0.011948,0.675000,0.731502,-1.258994,1.408055,0.002565
-1.502646,1.038147,0.543289,-0.866282,0.437101,0.002717
1.611542,-1.570845,0.717019,0.588395,0.743142,0.001302
0.496240,-0.640538,-1.614437,-0.380603,2.061134,0.002215
0.083404,-0.792034,-0.909364,0.075951,1.801829,0.001773
-1.756365,-1.448043,-0.064099,0.907555,0.998763,0.001719
0.548579,1.042501,-0.974435,0.171134,-0.403695,0.002954
1.203063,1.629867,1.102636,0.213795,2.388168,0.000556
-1.496749,0.277125,1.329463,0.495865,0.589029,0.000723
0.029213,-1.441941,-1.260700,0.838887,-1.399119,0.002449
1.151871,-1.416037,0.917572,-0.187560,1.745701,0.000990
-1.863730,0.874720,-0.299895,1.556780,-1.339096,0.001440
-0.360254,0.577072,0.695631,0.622983,1.899212,0.001467
1.677507,0.776991,0.045404,0.817893,2.737451,0.001641
-1.904665,0.922147,-0.227821,0.609580,-1.537062,0.002525
-1.041384,0.952231,0.880704,0.543694,-2.498186,0.000872
-0.237033,-0.829516,-1.481188,-0.988753,0.802394,0.002549
-0.707644,1.239729,0.721783,-0.889365,2.129484,0.002358
-1.694986,-0.472549,0.216803,0.248112,-2.240465,0.002891
0.846512,1.564358,0.749098,0.323660,-1.189060,0.000194
-0.562649,-1.642365,-0.771425,0.294481,0.156552,0.002754
-1.447106,-0.540119,0.173518,0.083978,-1.977103,0.002795
1.270591,1.246230,1.211159,0.460035,1.516741,0.000433
1.114095,-0.008285,-1.132113,-0.359651,1.065783,0.000561
0.922837,-1.356286,-1.296732,-0.545676,2.745734,0.002288
-1.381646,-1.592681,-1.006157,0.814035,2.518622,0.002580
-1.786900,-1.479355,0.863590,-0.216199,-1.916489,0.002157
1.219100,-1.334852,-0.141658,-0.897960,2.022719,0.001342
-0.216019,1.546195,0.587491,-1.207706,-0.055631,0.002283
1.284296,-1.256917,0.955931,1.654296,-1.250300,0.001045
-1.217603,0.516382,-1.330696,0.967155,-1.739270,0.003204
0.275020,-1.648604,-1.037279,0.649392,0.657843,0.002360
-1.377311,-1.081642,0.792185,1.654215,-1.271898,0.000981
1.125244,-1.548362,-0.096531,1.407061,0.593516,0.000541
-0.578136,0.765855,0.235363,0.016353,1.794360,0.002750
1.074241,-0.203782,0.571135,0.293730,-0.857158,0.002024
-1.228529,0.186242,-0.595980,0.874420,1.973179,0.002939
0.613628,-0.831910,-0.042679,1.445094,-0.338283,0.001085
-0.808270,1.021542,1.552526,0.255972,0.673004,0.000836
0.310644,0.377229,0.928655,-0.246597,0.113790,0.001955
-1.457422,0.044361,1.199826,-1.376632,2.324704,0.002663
-1.388329,-0.160320,0.261597,1.589967,1.054002,0.001298
0.364126,0.487942,-0.463105,1.555547,2.537409,0.001923
-0.845922,-1.548367,-0.955042,-1.488079,2.062847,0.002355
-0.550868,1.384432,0.005559,-1.457796,2.144152,0.003059
-1.067600,0.774920,-1.574461,-1.583195,-0.834490,0.001768
0.176802,1.118108,1.540626,-1.490881,-1.673927,0.001490
0.397313,0.043040,-0.138371,1.224015,1.738065,0.001887
-0.181760,-0.980548,-1.588797,-0.501474,1.601046,0.002761
-1.609171,0.999752,-1.051726,1.340438,-2.055673,0.002846
-0.684781,-0.632697,1.682053,-0.466874,1.411113,0.001761
-0.597922,-0.142944,0.478163,0.036168,-1.484393,0.002531
-1.278920,1.548789,0.344286,-0.156655,-0.355437,0.001806
1.575287,-0.923549,-0.941905,0.698463,-0.757045,0.000223
0.286010,-0.953738,1.446226,1.078023,1.836054,0.001110
-1.757893,-1.672439,-1.449657,-0.516614,-0.928642,0.002960
1.347873,1.194649,1.131589,-0.056287,0.377800,0.000140
-0.244181,-0.455924,-1.402991,0.999845,0.496120,0.001492
0.174419,0.100784,-1.144919,1.090270,1.031718,0.001640
-0.205787,-0.507392,-1.447245,1.203134,0.738848,0.001385
1.017649,1.265538,-0.502232,-0.311336,2.368416,0.002882
-1.505195,-0.182881,0.486168,-1.194756,-0.868225,0.002980
-0.906045,1.559902,-1.686111,-0.991399,2.750887,0.002788
-0.795727,-1.032620,1.076391,0.915897,-0.557974,0.001445
-0.242855,-0.608612,1.123556,-1.126191,0.138259,0.001823
-0.622806,-1.596184,1.326824,-0.461344,0.196066,0.001428
-0.645750,-1.122586,0.047480,-0.113379,1.394964,0.001724
1.134763,0.500683,-1.420612,-0.831215,-1.748349,0.000879
-1.721260,0.771620,-0.572625,0.055866,-0.000199,0.003677
-0.253317,1.495480,0.125044,-1.199898,-2.237138,0.002909
-0.072907,-1.353348,0.347214,0.013741,1.979956,0.001021
0.573566,1.425482,0.540410,1.061041,0.390538,0.000382
-0.088915,1.060622,1.225342,0.146439,2.255802,0.000572
0.105053,0.737442,-0.683874,1.056199,-2.392146,0.002580
0.578729,1.211885,-1.116028,-1.128001,-2.741961,0.002166
-0.438671,-0.587266,1.357896,1.345515,0.956160,0.000851
0.496855,1.324731,0.537779,-1.175790,-1.674483,0.002318
-0.677464,1.162176,1.313245,0.795377,1.624660,0.000845
-1.557041,0.383447,0.305184,-0.704649,2.797088,0.003358
-1.862242,-0.587336,0.938338,-0.587268,-2.308739,0.002774
0.581916,-0.281376,-0.758852,-1.258052,2.539993,0.001097
0.747013,1.514351,1.471650,-0.791787,-2.297150,0.000495
1.573928,0.460975,-0.712611,-0.425136,-0.013025,0.002559
0.430436,-1.495923,-0.901081,-1.221332,2.157275,0.002224
-0.131177,0.877719,0.712942,-1.023126,0.500345,0.002566
-1.405217,-0.862987,0.779212,-0.632460,1.301031,0.002420
-1.027240,1.189429,0.615072,0.892060,2.117941,0.000783
0.212128,-0.845532,-0.116521,-1.576439,-0.256175,0.001701
-0.379321,-1.577518,-1.363815,0.470538,-2.437339,0.002953
-0.419865,-0.660999,-1.656989,-1.411375,1.875192,0.002067
0.911667,-0.812439,0.730120,-1.194891,1.328977,0.000894
-1.450055,0.323832,1.682228,1.460073,-2.291696,0.001346
0.361088,-0.083437,-1.516150,0.677800,0.080594,0.000896
0.485119,-1.271004,-1.037359,0.707103,2.430478,0.001854
-0.552976,1.689327,-0.949590,-1.034535,1.324407,0.003324
-0.931548,1.585825,-1.530563,0.225590,1.737670,0.003712
0.925909,1.604765,-0.916632,0.385144,-2.016789,0.002668
-1.361105,0.838090,0.660546,0.911993,2.132080,0.000897
-1.202595,0.751034,1.052546,-0.852153,-0.011097,0.002185
-0.691748,-1.402208,1.217801,0.836302,-2.683495,0.001506
-0.381705,1.109735,1.549994,-0.845111,2.572883,0.001050
-0.124648,-1.572435,-1.640347,-1.339591,0.335378,0.001484
1.894331,1.154238,1.575460,1.427197,2.258236,0.000474
1.203021,0.400188,0.652654,1.478830,0.870779,0.000796
-1.589579,0.111573,0.983536,-1.282940,-2.308361,0.002897
1.340310,-1.433585,-1.170092,0.055564,0.414056,0.001972
1.097839,0.784705,-1.438286,0.202919,1.096880,0.002337
1.878608,1.039481,1.351164,-0.570067,0.170773,0.000300
-1.710157,1.047783,0.314803,0.655811,2.827678,0.001486
1.216597,-0.959114,-1.392026,-0.532912,1.034954,0.001925
-1.768878,1.049793,0.334463,1.095816,-0.836489,0.000818
-0.676449,-1.333536,-1.159225,-0.692687,-0.917700,0.002971
-0.329587,-0.130329,1.497266,1.380040,-2.228606,0.000790
-1.256623,0.173844,-0.744426,-0.546927,2.827828,0.002912
1.761693,-1.442816,0.547199,1.505290,-1.647764,0.001253
0.299534,-0.167500,-1.111858,0.896057,2.068365,0.001076
1.396136,0.006590,-0.726702,-0.397982,-0.342165,0.001558
0.228949,0.621715,0.009500,1.163719,0.503948,0.001757
1.609310,1.275930,-0.919151,-0.865772,0.476938,0.002904
0.898636,-0.789691,1.432825,-0.318621,-0.708217,0.001681
1.212956,-1.311122,1.676859,1.455451,2.184398,0.000883
-0.036347,1.341905,-0.177672,-1.184056,2.085254,0.003012
0.313279,-1.061987,-0.832591,0.312880,-1.091691,0.001728
-1.236780,-0.695244,-1.388484,0.554785,1.254042,0.002454
-0.940783,1.086805,1.396197,1.362169,0.967330,0.001100
-0.207870,-1.547985,1.619416,1.009642,-1.353432,0.001336
1.151844,-1.543923,1.642144,-1.250234,-2.167255,0.000953
1.293412,-1.503630,-0.606327,-0.926771,-1.379555,0.001958
-0.495981,0.344890,0.085184,1.602982,2.270208,0.001399
-0.372769,0.475729,0.884832,-1.302983,0.718792,0.002585
0.873284,0.668838,-1.583926,1.477696,-2.738480,0.002199
-1.552453,-0.982855,0.524396,0.006442,-2.637736,0.002450
-0.732078,-1.052479,0.639006,1.217373,1.965902,0.001376
-1.362849,-0.570267,-1.252026,1.181571,2.215098,0.002175
1.018299,0.636674,0.090465,1.354754,-2.237073,0.001403
1.315240,-0.294009,0.462059,0.602157,-0.394341,0.001932
-1.348309,0.648673,0.022236,-0.163371,2.082124,0.003318
1.533980,-0.997027,-0.108778,-1.068713,0.481964,0.000600
-0.142920,0.696207,1.389319,-0.160040,2.623859,0.000932
-0.975992,1.223375,0.391605,-0.485670,-2.211691,0.002581
0.184385,1.342168,0.055149,-0.930162,-0.467291,0.002853
1.860836,0.690187,1.334487,-1.645606,-2.513800,0.001721
0.277339,-0.688986,1.066518,0.525191,-0.441526,0.001584
0.376286,1.075709,0.193853,-1.454117,-0.705792,0.002681
-0.256125,-0.693197,0.210866,0.678832,0.828032,0.001610
-0.644610,1.071931,0.248251,-0.028315,-1.701954,0.002524
1.731159,-1.254071,-0.587978,0.483102,1.335663,0.000081
-1.440139,1.464957,1.583614,1.162267,0.803788,0.001204
0.171010,1.594578,0.672329,1.285017,1.167787,0.000519
-1.861980,-0.912946,0.430513,1.123775,1.283136,0.001858
0.299967,-1.341161,0.199057,-0.516710,0.343297,0.001280
0.115291,0.997878,1.217717,-1.653406,-0.157434,0.002072
0.707530,-0.506830,0.983085,-1.634311,-1.823089,0.001271
0.167640,-1.531970,0.574602,1.400755,1.915715,0.000872
0.768216,1.443971,0.752951,0.656500,-2.724529,0.000238
-1.189265,0.610142,0.969259,1.548662,1.612440,0.000707
-0.892427,-0.501287,1.005867,0.110953,-1.403180,0.002143
-0.645085,-0.542542,-0.095119,1.610144,-0.669788,0.001351
-0.883769,-0.377368,1.049735,-1.401889,1.462495,0.002292
1.520617,-0.603145,1.521919,1.312491,2.696343,0.000633
1.771122,-0.639173,1.481247,-0.956803,0.733711,0.001818
0.377737,-0.770657,1.105063,-1.411611,2.398897,0.001151
-1.545315,1.498734,-1.448357,0.772364,-1.917867,0.003510
-1.444395,-0.530266,-1.309743,-1.552884,-2.168552,0.002027
-1.598425,1.500201,1.505280,-0.892122,0.905630,0.001141
-1.626585,-0.163438,0.376688,0.994467,2.224127,0.002010
-1.594998,0.124378,1.044158,-0.803610,-1.516829,0.002643
1.820699,0.687519,-1.144866,-0.983972,0.587510,0.002201
1.086687,1.582134,0.195814,-0.843197,-1.337464,0.001946
1.878518,1.396365,0.199841,-0.021364,-1.665263,0.001000
-0.169917,0.758911,-0.940222,-0.502169,-0.860462,0.002588
-1.698061,0.554131,-0.944758,1.348914,2.773741,0.002937
-1.739908,1.079559,-0.712579,0.043822,1.240422,0.003675
0.744028,0.535340,-0.870086,-1.539187,1.929352,0.000994
-0.444872,1.277393,0.648664,-0.535762,-0.957267,0.002017
-0.301914,0.408626,0.184295,0.896575,1.687370,0.002048
-0.690094,-0.788280,0.045007,-0.961486,0.022663,0.002006
0.187878,-1.009416,0.299744,0.468744,-2.108766,0.001079
1.248589,-0.106729,-0.467617,0.192766,-2.099400,0.001910
-0.005391,-1.371926,-1.351127,1.311154,0.539713,0.001966
0.923221,-1.223985,-1.495587,-0.128073,-1.013229,0.002316
-1.597178,-1.137752,0.307911,-1.400712,2.519884,0.002198
-1.878119,-0.464654,-0.309989,-1.011716,1.218365,0.002562
1.735778,-0.598885,-1.420384,-0.671233,-2.017422,0.001052
1.336823,-0.745484,0.341974,-0.809624,-2.532452,0.001066
0.082701,0.903552,1.159177,-0.663183,-2.335233,0.001610
-0.909391,-0.061752,1.340331,1.089168,-1.720207,0.000644
0.182976,0.204801,-0.393727,0.264501,2.458806,0.002304
-1.509059,1.532653,0.124989,0.742203,-0.782695,0.001187
-1.732844,-1.037146,-1.064773,-0.047890,-0.043088,0.002636
0.444759,0.147628,1.344959,1.074163,1.916617,0.000554
0.516548,1.635028,1.664096,-1.651610,0.052691,0.000933
-1.236498,1.478251,-0.836826,1.101037,-0.540776,0.002386
-1.652281,-0.208916,0.564167,0.414782,0.069126,0.002371
-1.274281,1.710093,0.592996,0.589612,-1.844631,0.000982
1.426749,-0.953166,0.058026,-1.456131,0.767522,0.000745
0.663395,1.358473,0.688767,1.110654,-0.940163,0.000383
1.678251,-1.062847,-1.617884,0.780238,1.741496,0.001137
1.342187,-1.068731,1.363088,0.450617,-2.355995,0.001510
1.705994,-0.528765,-1.057755,-0.362556,1.370847,0.000232
0.278841,1.116424,0.253455,1.251157,-1.428779,0.000894
-0.238623,0.088502,-1.307870,0.660260,0.991064,0.001718
-0.768584,-0.090001,1.574013,0.611841,0.764692,0.000718
-0.375147,0.020978,1.434680,0.516885,1.767480,0.000846
0.621207,-1.507254,-1.121554,-1.473620,-1.530181,0.001767
-1.703897,1.051738,1.513868,-0.897481,-2.091529,0.001167
-0.280446,-0.035410,0.962795,-0.333096,1.953835,0.002261
1.765958,-0.416987,1.517497,-0.324986,1.496495,0.001415
0.782216,-0.790897,-1.555939,-0.697419,-2.119289,0.002121
0.334988,-1.684481,0.677002,0.206382,-0.152337,0.000497
1.813462,1.105915,-1.652591,-1.480752,0.715106,0.001705
0.893580,0.610099,-1.283952,0.738714,1.907574,0.002337
0.507399,0.932035,-0.311275,-1.058964,1.588293,0.002645
-1.536091,-1.305956,0.935419,-1.590968,-1.798400,0.002080
0.559991,0.067819,0.735433,-0.630213,1.792754,0.002241
0.807621,0.142032,-1.076860,-0.493548,-1.624451,0.000773
0.438893,1.122356,-0.840872,1.406365,0.572558,0.002181
1.207064,0.510725,-0.764767,1.422118,2.385325,0.002225
-0.328469,0.902547,1.010648,0.270700,0.077304,0.000852
-0.371829,0.181321,-0.652304,-0.936118,0.545943,0.001896
-1.752086,0.029709,1.141311,-1.560677,1.920126,0.002751
1.770062,-1.410005,-1.444606,-1.557576,0.505935,0.001515
-0.363486,0.605769,-1.070712,0.661088,-0.374995,0.002805
1.725149,0.662243,0.286942,0.106723,-0.428892,0.001951
-1.497956,1.057691,0.499707,-0.978175,-2.526673,0.002891
-1.513416,-1.693843,1.572795,0.291003,-0.422668,0.001813
-0.489813,1.118591,-0.118233,1.428213,0.901340,0.001318
-1.098161,1.339231,0.808956,-0.969684,0.676674,0.002118
0.100648,-1.148369,0.033275,1.291825,1.826482,0.000764
1.464998,1.665636,1.682046,0.856923,2.740086,0.000374
-1.383117,-0.175300,-1.259393,-0.186931,-2.466171,0.002600
-1.843732,0.012192,-0.289332,0.927344,-1.634128,0.002847
-1.416025,-1.302249,0.534292,-1.066000,-1.184643,0.002200
0.704615,-0.044642,-0.775786,0.047184,-1.907260,0.001216
-0.694610,1.094297,1.296154,1.489596,-0.668705,0.001069
-0.893141,-1.619619,0.412025,-0.558581,-2.499078,0.002103
0.141638,-1.147543,-1.152770,-1.496213,2.335986,0.002068
0.176147,-1.303439,-1.192322,1.451979,-2.321492,0.001587
0.451163,-1.640962,-0.399929,1.467001,-0.694716,0.000669
-0.212854,-1.497899,-1.447616,0.244542,2.584053,0.002917
1.409784,0.525199,1.617547,-0.226326,2.605370,0.000305
0.092612,-1.523837,-0.119838,1.548008,-0.416280,0.000492
1.863917,-0.387729,-1.143648,-0.814004,-1.405127,0.000448
0.316635,-1.188903,-0.478642,1.560240,-2.098589,0.000536
0.585605,-0.954807,-0.320152,-1.399959,1.471298,0.001715
1.341506,0.902164,-0.579194,0.136270,-0.992051,0.002830
1.840722,-0.254293,1.076124,-1.360152,2.545533,0.002063
