episode,category,status,frames,duration_s,frame_dt_max_ms,cube_detected_frac,dropped_frames,interpolated_frames,max_gap_frames,board_4marker_frac,board_longest_hold_s,board_drift_px,board_drift_max_px,board_hold_dev_p95_px,plane_spread_mm,plane_prior_weight,plane_tilt_deg,plane_resid_rms_mm,plane_resid_max_mm,marker_side_mm,marker_side_err_pct,marker_tilt_max_deg,smooth_resid_xy_mm,start_speed_mm_s,contact_frac,path_length_cm,yaw_range_deg,n_samples,notes
ep_000,straight,ok,287,9.54,50.3,1.0,0,0,0,1.0,0.0,0.03,0.11,0.0,1.1,0.99,4.78,3.37,7.0,46.86,-0.29,6.4,0.37,4.0,0.628,28.2,7.7,191,
ep_002,straight,ok,339,11.26,50.3,1.0,0,0,0,1.0,0.0,0.04,0.26,0.0,2.0,0.98,5.03,1.04,3.3,47.07,0.15,5.0,0.27,0.9,0.54,26.8,7.5,226,
ep_003,straight,ok,272,9.02,50.9,1.0,0,0,0,1.0,0.0,0.13,0.16,0.0,2.1,0.98,4.32,2.89,5.6,47.18,0.38,4.5,0.31,3.7,0.635,28.9,5.8,181,
ep_004,straight,ok,378,12.56,50.5,1.0,0,0,0,1.0,0.0,0.05,0.09,0.0,6.6,0.84,6.17,3.3,6.8,47.14,0.29,6.7,0.36,1.8,0.694,37.6,24.9,252,
ep_005,straight,ok,293,9.73,50.0,1.0,0,0,0,1.0,0.0,0.07,0.1,0.0,2.1,0.98,5.09,2.3,5.3,47.23,0.5,6.7,0.41,2.6,0.621,33.6,9.3,195,
ep_007,straight,ok,339,11.27,50.3,1.0,0,0,0,1.0,0.0,0.51,1.23,0.0,6.6,0.84,8.87,4.11,7.7,48.11,2.36,9.9,0.42,0.9,0.593,37.4,16.0,226,
ep_008,straight,ok,328,10.9,50.9,1.0,0,0,0,1.0,0.0,0.24,0.43,0.0,4.4,0.92,7.79,4.86,10.0,47.82,1.75,8.4,0.39,2.9,0.596,36.0,14.7,218,
ep_009,straight,ok,296,9.84,49.5,1.0,0,0,0,1.0,0.0,0.21,2.16,0.0,2.2,0.98,4.85,1.46,5.3,47.24,0.52,4.5,0.38,0.1,0.457,27.3,30.3,197,
ep_010,straight,ok,260,8.64,49.9,1.0,0,0,0,1.0,0.0,0.04,0.1,0.0,0.8,1.0,4.68,0.91,2.3,47.07,0.15,3.9,0.19,0.3,0.526,15.9,6.1,173,
ep_012,curve,ok,354,11.76,48.7,1.0,0,0,0,1.0,0.0,0.03,0.1,0.0,32.0,0.18,3.08,1.93,4.6,47.25,0.54,6.5,0.44,8.0,0.665,44.0,80.3,236,
ep_013,curve,ok,333,11.07,48.6,1.0,0,0,0,1.0,0.0,0.09,0.54,0.0,25.0,0.26,4.88,1.67,4.6,46.16,-1.79,7.3,0.41,0.4,0.676,38.9,83.5,222,
ep_014,curve,ok,286,9.5,49.7,1.0,0,0,0,1.0,0.0,0.03,0.07,0.0,26.2,0.25,11.69,2.25,6.1,48.63,3.47,10.4,0.51,3.9,0.681,33.4,76.4,191,recovered marker size off by more than 3%
ep_015,curve,ok,399,13.26,50.1,1.0,0,0,0,1.0,0.0,0.39,1.85,0.0,28.1,0.22,1.31,1.09,3.1,46.96,-0.07,1.8,0.34,0.4,0.707,33.4,66.9,266,
ep_016,curve,ok,403,13.41,49.5,1.0,0,0,0,1.0,0.0,0.05,0.11,0.0,27.9,0.22,5.47,1.61,4.2,47.55,1.16,5.8,0.34,1.5,0.714,34.1,65.3,269,
ep_021,curve,ok,488,16.24,50.2,1.0,0,0,0,1.0,0.0,5.73,5.77,0.0,39.0,0.13,4.81,1.43,4.1,47.25,0.52,4.9,0.39,0.2,0.677,38.2,129.9,325,camera moved 5.7 px (per-frame board pose absorbs it)
ep_025,turn,ok,514,17.1,49.5,1.0,0,0,0,1.0,0.0,0.1,0.23,0.0,70.9,0.04,4.79,1.92,5.2,47.0,-0.01,7.3,0.35,2.7,0.58,51.5,17.6,343,
ep_026,turn,ok,609,20.26,50.2,1.0,0,0,0,1.0,0.0,0.07,0.49,0.0,80.8,0.03,5.51,3.34,7.1,46.79,-0.45,9.0,0.39,1.2,0.633,66.1,60.6,406,
ep_027,turn,ok,611,20.32,50.7,1.0,0,0,0,1.0,0.0,1.24,1.69,0.0,71.7,0.04,4.92,1.88,7.1,47.04,0.09,6.9,0.32,2.4,0.6,52.7,14.4,407,camera moved 1.2 px (per-frame board pose absorbs it)
ep_030,turn,ok,574,19.11,50.2,1.0,0,0,0,0.632,7.06,3.01,3.19,3.06,59.1,0.06,2.86,1.15,3.2,46.99,-0.02,3.0,0.4,1.4,0.619,49.3,12.5,383,camera moved 3.0 px (per-frame board pose absorbs it); partly visible board markers 3.1 px off the held track (p95)
ep_031,turn,ok,489,16.26,50.2,1.0,0,0,0,1.0,0.0,0.07,0.19,0.0,45.6,0.1,4.5,2.34,7.5,47.05,0.1,5.0,0.3,2.0,0.592,43.3,9.4,326,
ep_033,turn,ok,459,15.26,50.1,1.0,0,0,0,1.0,0.0,0.19,0.3,0.0,36.8,0.14,2.43,1.73,5.4,47.07,0.15,4.2,0.37,1.1,0.582,42.0,16.3,306,
ep_034,turn,ok,497,16.53,50.3,1.0,0,0,0,0.73,4.5,4.57,4.64,2.5,34.5,0.16,5.35,1.34,6.0,47.5,1.06,5.5,0.45,1.5,0.55,41.5,33.1,331,camera moved 4.6 px (per-frame board pose absorbs it); partly visible board markers 2.5 px off the held track (p95)
ep_036,multi,ok,299,9.94,49.8,1.0,0,0,0,1.0,0.0,0.01,0.22,0.0,2.9,0.97,4.5,2.47,5.2,47.17,0.37,5.4,0.41,1.2,0.578,26.6,5.8,199,
ep_040,multi,ok,331,10.99,49.3,1.0,0,0,0,1.0,0.0,0.07,0.15,0.0,36.3,0.15,6.17,1.61,4.7,47.1,0.22,6.9,0.44,1.3,0.586,44.0,7.0,220,
ep_041,multi,ok,308,10.22,49.6,1.0,0,0,0,1.0,0.0,0.06,0.11,0.0,35.1,0.15,3.06,1.18,4.3,46.48,-1.11,5.4,0.39,1.1,0.585,42.5,7.8,205,
ep_046,multi,ok,390,12.98,50.1,1.0,0,0,0,1.0,0.0,0.09,0.31,0.0,55.8,0.07,5.17,1.96,5.5,47.38,0.8,6.4,0.4,0.9,0.673,48.4,7.3,260,
ep_049,showcase,ok,682,22.7,50.1,1.0,0,0,0,0.63,7.9,0.92,2.63,2.63,63.6,0.05,2.64,2.13,5.4,46.67,-0.7,4.2,0.39,1.3,0.556,45.8,6.3,455,partly visible board markers 2.6 px off the held track (p95)
ep_050,showcase,ok,877,29.2,54.7,1.0,0,0,0,0.755,6.8,0.23,1.28,3.12,94.6,0.02,4.67,3.49,7.0,47.41,0.87,6.5,0.42,2.7,0.615,70.8,11.8,585,partly visible board markers 3.1 px off the held track (p95)
ep_055,showcase,ok,808,26.9,50.3,1.0,0,0,0,1.0,0.0,2.34,2.64,0.0,86.5,0.03,4.92,3.02,7.9,47.41,0.88,5.8,0.43,0.6,0.625,91.6,102.9,538,camera moved 2.3 px (per-frame board pose absorbs it)
ep_057,curve,ok,464,15.42,50.1,1.0,0,0,0,0.36,9.92,0.22,0.62,3.93,0.3,1.0,4.05,0.69,2.2,47.17,0.37,4.4,0.41,1.6,0.55,31.1,53.0,309,partly visible board markers 3.9 px off the held track (p95)
ep_058,straight,ok,274,9.11,49.8,1.0,0,0,0,1.0,0.0,0.03,0.14,0.0,3.0,0.96,3.78,1.64,5.3,47.36,0.78,3.2,0.43,1.8,0.404,14.1,28.7,183,
ep_059,curve,ok,438,14.56,49.6,1.0,0,0,0,0.352,9.5,0.23,2.81,2.67,0.3,1.0,3.81,0.68,4.0,47.21,0.44,4.1,0.44,2.7,0.596,31.6,35.2,292,partly visible board markers 2.7 px off the held track (p95)
ep_061,curve,ok,467,15.54,49.9,1.0,0,0,0,1.0,0.0,0.11,0.11,0.0,37.3,0.14,3.11,1.13,3.8,47.1,0.22,3.2,0.41,4.2,0.717,35.8,94.7,311,
ep_062,curve,ok,462,15.36,50.5,1.0,0,0,0,1.0,0.0,0.01,0.07,0.0,32.0,0.18,5.18,2.51,5.2,47.26,0.56,5.4,0.46,3.0,0.731,47.2,112.7,308,
ep_064,curve,ok,466,15.5,50.0,1.0,0,0,0,1.0,0.0,0.08,0.27,0.0,24.2,0.28,3.48,3.93,8.7,46.75,-0.52,5.5,0.4,1.2,0.672,41.1,82.8,311,
ep_065,turn,ok,535,17.79,49.6,1.0,0,0,0,0.589,7.36,0.18,0.65,3.9,40.1,0.12,4.72,0.81,3.5,47.24,0.51,4.6,0.41,0.5,0.537,38.4,14.7,356,partly visible board markers 3.9 px off the held track (p95)
ep_066,multi,ok,293,9.74,49.7,1.0,0,0,0,0.809,1.9,0.24,1.17,3.03,2.5,0.97,4.41,2.82,8.4,47.38,0.82,4.0,0.36,0.1,0.338,27.3,4.0,195,partly visible board markers 3.0 px off the held track (p95)
ep_071,showcase,ok,719,23.94,51.7,1.0,0,0,0,1.0,0.0,0.05,0.46,0.0,89.7,0.03,3.98,1.31,4.0,47.4,0.85,5.3,0.35,5.2,0.628,68.3,187.0,479,
