time,split,note,max_delta,lookahead,pusher_radius,margin,push_speed,stop_tol,lat_tol,lat_exit,progress_window,k_lat,n_ok,n,success,mean_dev_cm,final_err_cm,progress,success_by_category
2026-10-08 11:24,train,"baseline, defaults",0.02,0.03,0.006,0.005,0.01,0.005,0.012,0.025,0.1,0.5,23,27,0.852,1.34,3.26,0.923,"{""curve"": 0.89, ""multi"": 0.5, ""straight"": 1.0, ""turn"": 0.83}"
2026-10-08 11:25,train,push_speed 0.005,0.02,0.03,0.006,0.005,0.005,0.005,0.012,0.025,0.1,0.5,26,27,0.963,0.73,1.93,0.931,"{""curve"": 1.0, ""multi"": 1.0, ""straight"": 1.0, ""turn"": 0.83}"
2026-10-08 11:25,train,push_speed 0.0033,0.02,0.03,0.006,0.005,0.0033,0.005,0.012,0.025,0.1,0.5,26,27,0.963,0.58,1.99,0.927,"{""curve"": 1.0, ""multi"": 1.0, ""straight"": 1.0, ""turn"": 0.83}"
2026-10-08 11:27,train,"push_speed 0.0033 (rerun, saved)",0.02,0.03,0.006,0.005,0.0033,0.005,0.012,0.025,0.1,0.5,26,27,0.963,0.58,1.99,0.927,"{""curve"": 1.0, ""multi"": 1.0, ""straight"": 1.0, ""turn"": 0.83}"
2026-10-08 11:27,train,"push_speed 0.0033 (rerun, saved)",0.02,0.03,0.006,0.005,0.0033,0.005,0.012,0.025,0.1,0.5,26,27,0.963,0.58,1.99,0.927,"{""curve"": 1.0, ""multi"": 1.0, ""straight"": 1.0, ""turn"": 0.83}"
2026-10-08 11:30,train,+ shrink step when arm doesn't follow; push_speed 0.0033,0.02,0.03,0.006,0.005,0.0033,0.005,0.012,0.025,0.1,0.5,27,27,1.0,0.58,1.75,0.938,"{""curve"": 1.0, ""multi"": 1.0, ""straight"": 1.0, ""turn"": 1.0}"
2026-10-08 11:30,train,+ shrink step when arm doesn't follow; push_speed 0.005,0.02,0.03,0.006,0.005,0.005,0.005,0.012,0.025,0.1,0.5,27,27,1.0,0.74,1.69,0.943,"{""curve"": 1.0, ""multi"": 1.0, ""straight"": 1.0, ""turn"": 1.0}"
2026-10-08 11:31,train,lookahead0.02,0.02,0.02,0.006,0.005,0.0033,0.005,0.012,0.025,0.1,0.5,27,27,1.0,0.45,1.69,0.939,"{""curve"": 1.0, ""multi"": 1.0, ""straight"": 1.0, ""turn"": 1.0}"
2026-10-08 11:32,train,lookahead0.05,0.02,0.05,0.006,0.005,0.0033,0.005,0.012,0.025,0.1,0.5,27,27,1.0,0.85,1.77,0.936,"{""curve"": 1.0, ""multi"": 1.0, ""straight"": 1.0, ""turn"": 1.0}"
2026-10-08 11:32,train,klat1.0,0.02,0.03,0.006,0.005,0.0033,0.005,0.012,0.025,0.1,1.0,26,27,0.963,0.54,1.76,0.934,"{""curve"": 1.0, ""multi"": 1.0, ""straight"": 1.0, ""turn"": 0.83}"
2026-10-08 11:33,train,margin0.01,0.02,0.03,0.006,0.01,0.0033,0.005,0.012,0.025,0.1,0.5,26,27,0.963,0.69,2.12,0.925,"{""curve"": 1.0, ""multi"": 1.0, ""straight"": 0.88, ""turn"": 1.0}"
2026-10-08 11:34,train,radius0.01,0.02,0.03,0.01,0.005,0.0033,0.005,0.012,0.025,0.1,0.5,26,27,0.963,0.69,2.64,0.907,"{""curve"": 1.0, ""multi"": 1.0, ""straight"": 1.0, ""turn"": 0.83}"
2026-10-08 11:34,train,lattol0.008,0.02,0.03,0.006,0.005,0.0033,0.005,0.008,0.025,0.1,0.5,27,27,1.0,0.56,1.7,0.938,"{""curve"": 1.0, ""multi"": 1.0, ""straight"": 1.0, ""turn"": 1.0}"
2026-10-08 11:36,train,lookahead0.015,0.02,0.015,0.006,0.005,0.0033,0.005,0.012,0.025,0.1,0.5,26,27,0.963,0.53,2.36,0.922,"{""curve"": 1.0, ""multi"": 1.0, ""straight"": 1.0, ""turn"": 0.83}"
2026-10-08 11:36,train,la0.02_lattol0.008,0.02,0.02,0.006,0.005,0.0033,0.005,0.008,0.025,0.1,0.5,27,27,1.0,0.46,1.7,0.937,"{""curve"": 1.0, ""multi"": 1.0, ""straight"": 1.0, ""turn"": 1.0}"
2026-10-08 11:37,train,lookahead0.01,0.02,0.01,0.006,0.005,0.0033,0.005,0.012,0.025,0.1,0.5,25,27,0.926,0.49,3.29,0.886,"{""curve"": 0.89, ""multi"": 1.0, ""straight"": 1.0, ""turn"": 0.83}"
2026-10-08 11:37,train,la0.02_margin0.003,0.02,0.02,0.006,0.003,0.0033,0.005,0.012,0.025,0.1,0.5,27,27,1.0,0.72,1.72,0.935,"{""curve"": 1.0, ""multi"": 1.0, ""straight"": 1.0, ""turn"": 1.0}"
2026-10-08 11:37,train,lookahead0.025,0.02,0.025,0.006,0.005,0.0033,0.005,0.012,0.025,0.1,0.5,27,27,1.0,0.53,1.66,0.94,"{""curve"": 1.0, ""multi"": 1.0, ""straight"": 1.0, ""turn"": 1.0}"
2026-10-08 11:37,train,la0.02_ps0.004,0.02,0.02,0.006,0.005,0.004,0.005,0.012,0.025,0.1,0.5,27,27,1.0,0.67,1.68,0.941,"{""curve"": 1.0, ""multi"": 1.0, ""straight"": 1.0, ""turn"": 1.0}"
2026-10-08 11:38,train,"FINAL params, train",0.02,0.025,0.006,0.005,0.0033,0.005,0.012,0.025,0.1,0.5,27,27,1.0,0.53,1.66,0.94,"{""curve"": 1.0, ""multi"": 1.0, ""straight"": 1.0, ""turn"": 1.0}"
2026-10-08 11:39,test,"FINAL params, test (single run)",0.02,0.025,0.006,0.005,0.0033,0.005,0.012,0.025,0.1,0.5,6,7,0.857,0.59,4.47,0.879,"{""curve"": 1.0, ""multi"": 1.0, ""straight"": 1.0, ""turn"": 0.5}"
2026-10-08 12:36,train,"rerun: fast IK + until-done protocol, same params",0.02,0.025,0.006,0.005,0.0033,0.005,0.012,0.025,0.1,0.5,27,27,1.0,0.53,0.38,0.985,"{""curve"": 1.0, ""multi"": 1.0, ""straight"": 1.0, ""turn"": 1.0}"
2026-10-08 12:36,test,"rerun: fast IK + until-done protocol, same params",0.02,0.025,0.006,0.005,0.0033,0.005,0.012,0.025,0.1,0.5,6,7,0.857,0.59,3.24,0.927,"{""curve"": 1.0, ""multi"": 1.0, ""straight"": 1.0, ""turn"": 0.5}"
2026-10-08 13:08,train,scene check: all arm collisions off,0.02,0.025,0.006,0.005,0.0033,0.005,0.012,0.025,0.1,0.5,25,27,0.926,0.52,0.84,0.974,"{""curve"": 1.0, ""multi"": 1.0, ""straight"": 1.0, ""turn"": 0.67}"
2026-10-08 13:08,test,scene check: all arm collisions off,0.02,0.025,0.006,0.005,0.0033,0.005,0.012,0.025,0.1,0.5,7,7,1.0,0.61,0.39,0.985,"{""curve"": 1.0, ""multi"": 1.0, ""straight"": 1.0, ""turn"": 1.0}"
2026-10-08 13:09,train,scene check: arm links cannot touch the cube,0.02,0.025,0.006,0.005,0.0033,0.005,0.012,0.025,0.1,0.5,27,27,1.0,0.53,0.37,0.985,"{""curve"": 1.0, ""multi"": 1.0, ""straight"": 1.0, ""turn"": 1.0}"
2026-10-08 13:09,test,scene check: arm links cannot touch the cube,0.02,0.025,0.006,0.005,0.0033,0.005,0.012,0.025,0.1,0.5,7,7,1.0,0.61,0.39,0.985,"{""curve"": 1.0, ""multi"": 1.0, ""straight"": 1.0, ""turn"": 1.0}"
