id,category,method,progress,mean_deviation_cm,final_error_cm,success,completion_time
ep_000,straight,scripted,0.9792208960921289,0.91508718836742,0.40052178497611785,True,3.9000000000000004
ep_002,straight,scripted,0.9864123786167384,0.41758282296382776,0.24765779757810139,True,4.45
ep_003,straight,scripted,0.9861553282226018,0.6544054482948181,0.26860065405124434,True,5.9
ep_004,straight,scripted,0.9845385804534983,0.41118673434390157,0.4040649362853639,True,5.300000000000001
ep_007,straight,scripted,0.9979451516121983,0.4532149275790252,0.39281117910567476,True,5.9
ep_008,straight,scripted,0.9851720522290027,0.7401954808852836,0.42006264935630644,True,4.2
ep_010,straight,scripted,0.9981231080615994,0.3845041519408647,0.45275489925070567,True,2.5500000000000003
ep_012,curve,scripted,0.9949989181861508,0.9338423824466403,0.4611351087393022,True,7.0
ep_013,curve,scripted,0.9979195165027828,0.6257964748009981,0.46777088554410035,True,6.15
ep_014,curve,scripted,0.9981217129536145,0.6071508666717312,0.3003407288699434,True,5.300000000000001
ep_015,curve,scripted,0.9847738541319319,0.6017922183544211,0.4537295992557629,True,5.1000000000000005
ep_021,curve,scripted,0.9755732511270404,0.46741839748589886,0.47875174289873385,True,4.4
ep_025,turn,scripted,0.9952677610011453,0.6836434979072797,0.14914634233562335,True,7.75
ep_026,turn,scripted,0.9907623068622688,0.5388365149546561,0.3551832413236245,True,10.950000000000001
ep_030,turn,scripted,0.9799425178014831,0.522470051596104,0.29341328320796817,True,6.75
ep_033,turn,scripted,0.9851702000271467,0.3815688684798245,0.48598093478274157,True,6.9
ep_034,turn,scripted,0.9943238239748792,0.4664171678955788,0.280003887607613,True,6.25
ep_040,multi,scripted,0.9896806197239503,0.5773517198671301,0.2952189609183346,True,7.2
ep_041,multi,scripted,0.9767753380786894,0.5854032045398855,0.4616452811975929,True,6.5
ep_046,multi,scripted,0.9984338344072268,0.6051026563996382,0.14924378386529613,True,8.15
ep_058,straight,scripted,0.9343904617953014,0.5833518372013348,0.4918835053507803,True,2.9000000000000004
ep_059,curve,scripted,0.9859021607801023,0.3414990932170715,0.3834261411864144,True,3.35
ep_061,curve,scripted,0.9785406581007066,0.44673719821609525,0.4997704547174319,True,5.15
ep_062,curve,scripted,0.9874364553827781,0.4370740489983826,0.4177396710250497,True,8.15
ep_064,curve,scripted,0.9789554493499777,0.3676601058888603,0.3652382972436041,True,7.1000000000000005
ep_065,turn,scripted,0.9918882040139432,0.41234485044864494,0.46882598038508116,True,4.95
ep_066,multi,scripted,0.962284282456481,0.09232839422442239,0.4471254924713485,True,2.3000000000000003
